create schema STORE_MANAGEMENT;
use STORE_MANAGEMENT;
CREATE TABLE EMPLOYEE (
    EMPLOYEE_ID int NOT NULL,
    LastName varchar(255) NOT NULL,
    FirstName varchar(255),
    PHONE_NUMBER varchar(50),
    SALARY INT,
    STORE_ID INT,
    PRIMARY KEY (EMPLOYEE_ID),
    FOREIGN KEY (STORE_ID) REFERENCES STORE(STORE_ID)
);
CREATE TABLE STORE (
    STORE_ID int NOT NULL,
    STORE_NAME varchar(255) NOT NULL,
    PHONE_NUMBER varchar(50),
    ADDRESS VARCHAR(100),
    PRIMARY KEY (STORE_ID)
);
ALTER TABLE STORE ADD MANAGER_ID INT;
ALTER TABLE STORE
ADD FOREIGN KEY (MANAGER_ID) REFERENCES EMPLOYEE(EMPLOYEE_ID);
CREATE TABLE SUPPLIER (
    SUPPLIER_ID int NOT NULL,
    SUPPLIER_NAME varchar(255) NOT NULL,
    PHONE_NUMBER varchar(50),
    ADDRESS VARCHAR(255),
    PRIMARY KEY (SUPPLIER_ID)
);
CREATE TABLE STORE_SUPPLIER (
    STORE_ID int NOT NULL,
    SUPPLIER_ID INT NOT NULL,
    PRIMARY KEY (STORE_ID,SUPPLIER_ID),
    FOREIGN KEY (STORE_ID) REFERENCES STORE(STORE_ID),
    FOREIGN KEY (SUPPLIER_ID) REFERENCES SUPPLIER(SUPPLIER_ID)
);
CREATE TABLE PRODUCT (
    PRODUCT_ID int NOT NULL,
    PRODUCT_NAME varchar(255) NOT NULL,
    PRICE DECIMAL(10,3),
    EXPIRY_DATE DATE,
    CATEGORY_ID INT NOT NULL,
    SUPPLIER_ID INT NOT NULL,
    PRIMARY KEY (PRODUCT_ID),
    FOREIGN KEY (SUPPLIER_ID) REFERENCES SUPPLIER(SUPPLIER_ID),
    FOREIGN KEY (CATEGORY_ID) REFERENCES CATEGORY(CATEGORY_ID)
);
CREATE TABLE CATEGORY (
    CATEGORY_ID int NOT NULL,
    CATEGORY_NAME VARCHAR(255),
    PRIMARY KEY (CATEGORY_ID)
);
CREATE TABLE PLAN (
    PLAN_ID int NOT NULL,
    PLAN_NAME VARCHAR(255),
    TERM_YEARS INT,
    SUBSCRIPTION_AMOUNT INT,
    PRIMARY KEY (PLAN_ID)
);
CREATE TABLE CUSTOMER (
    CUSTOMER_ID INT NOT NULL,
    CUSTOMER_NAME VARCHAR(255),
    DATE_OF_BIRTH DATE,
    AGE INT,
    PLAN_ID int,
    PRIMARY KEY (CUSTOMER_ID),
    FOREIGN KEY (PLAN_ID) REFERENCES PLAN(PLAN_ID)
);
CREATE TABLE CUSTOMER_PRODUCT (
    CUSTOMER_ID INT NOT NULL,
	PRODUCT_ID INT NOT NULL,
    PRIMARY KEY (CUSTOMER_ID,PRODUCT_ID),
    FOREIGN KEY (CUSTOMER_ID) REFERENCES CUSTOMER(CUSTOMER_ID),
    FOREIGN KEY (PRODUCT_ID) REFERENCES PRODUCT(PRODUCT_ID)
);
CREATE TABLE PROMOTIONS (
    PROMOTION_ID INT NOT NULL,
    PROMOTION_NAME VARCHAR(255),
    START_DATE DATE,
    END_DATE DATE,
    DISCOUNT_PERCENTAGE int,
    PRIMARY KEY (PROMOTION_ID)
);
CREATE TABLE PLAN_PROMOTIONS (
    PROMOTION_ID INT NOT NULL,
	PLAN_ID INT NOT NULL,
    PRIMARY KEY (PROMOTION_ID,PLAN_ID),
    FOREIGN KEY (PLAN_ID) REFERENCES PLAN(PLAN_ID),
    FOREIGN KEY (PROMOTION_ID) REFERENCES PROMOTIONS(PROMOTION_ID)
);
INSERT INTO PLAN_PROMOTIONS VALUES
    (19,5),
    (35,6),
    (26,9),
    (1,7),
    (32,2),
    (2,10),
    (9,3),
    (23,5),
    (16,1),
    (37,4),
    (7,9),
    (14,10),
    (35,2),
    (39,7),
    (33,4),
    (27,10),
    (12,9),
    (3,2),
    (9,5),
    (7,7),
    (1,1),
    (14,1),
    (31,4),
    (5,3),
    (4,5),
    (27,7),
    (25,10),
    (8,8),
    (31,8),
    (23,9),
    (8,5),
    (15,7),
    (24,3),
    (22,1),
    (10,2),
    (20,5),
    (1,6),
    (3,4),
    (39,2),
    (23,3),
    (29,5),
    (20,2),
    (5,6),
    (27,8),
    (30,10),
    (14,9),
    (34,1),
    (4,3),
    (33,8),
    (38,7),
    (16,5),
    (7,2),
    (32,10),
    (24,6),
    (30,6),
    (31,9),
    (35,4),
    (12,7),
    (23,10),
    (22,2),
    (38,3),
    (5,9),
    (21,7),
    (40,2),
    (11,10),
    (39,8),
    (33,5),
    (21,8),
    (2,6),
    (29,2),
    (37,9),
    (33,7),
    (1,3),
    (7,5),
    (13,10),
    (4,9),
    (38,10),
    (17,9),
    (19,1),
    (18,8),
    (21,6),
    (1,4),
    (15,9),
    (29,1),
    (9,10),
    (6,2),
    (25,8),
    (10,4),
    (14,3),
    (39,1),
    (31,2),
    (8,9),
    (13,8),
    (22,4),
    (9,6),
    (13,1),
    (39,5),
    (28,3),
    (24,7),
    (15,8),
    (14,8),
    (28,5),
    (1,9),
    (31,7),
    (25,6),
    (30,2),
    (26,10),
    (23,8),
    (16,7),
    (38,1),
    (40,3),
    (31,5),
    (10,10),
    (29,7),
    (6,9),
    (24,9),
    (14,7),
    (15,3),
    (21,5),
    (28,8),
    (40,6),
    (26,4),
    (19,10),
    (34,2),
    (6,1),
    (35,7),
    (32,4);

CREATE TABLE ORDERS (
    ORDER_ID INT NOT NULL,
    ORDER_DATE DATE,
    CUSTOMER_ID INT NOT NULL,
    PROMOTION_ID INT,
    PRIMARY KEY (ORDER_ID),
    FOREIGN KEY (PROMOTION_ID) REFERENCES PROMOTIONS(PROMOTION_ID),
    FOREIGN KEY (CUSTOMER_ID) REFERENCES CUSTOMER(CUSTOMER_ID)
);
INSERT INTO ORDERS VALUES
    (1,'2022-05-20 00:00:00',21,8),
    (2,'2022-05-11 00:00:00',261,3),
    (3,'2022-10-29 00:00:00',254,37),
    (4,'2022-07-09 00:00:00',134,21),
    (5,'2021-12-24 00:00:00',130,19),
    (6,'2022-09-23 00:00:00',4,16),
    (7,'2022-08-19 00:00:00',269,17),
    (8,'2022-06-29 00:00:00',297,30),
    (9,'2022-11-01 00:00:00',44,36),
    (10,'2022-10-18 00:00:00',280,4),
    (11,'2022-01-19 00:00:00',276,20),
    (12,'2022-04-30 00:00:00',236,29),
    (13,'2022-11-11 00:00:00',45,12),
    (14,'2022-03-30 00:00:00',5,25),
    (15,'2022-03-24 00:00:00',127,18),
    (16,'2022-02-12 00:00:00',124,34),
    (17,'2022-11-09 00:00:00',11,11),
    (18,'2021-11-24 00:00:00',296,24),
    (19,'2022-09-16 00:00:00',106,5),
    (20,'2022-03-21 00:00:00',138,13),
    (21,'2021-12-25 00:00:00',165,1),
    (22,'2022-03-21 00:00:00',245,14),
    (23,'2022-05-25 00:00:00',272,22),
    (24,'2022-09-18 00:00:00',227,23),
    (25,'2022-09-08 00:00:00',71,33),
    (26,'2022-01-27 00:00:00',298,14),
    (27,'2022-11-15 00:00:00',73,22),
    (28,'2022-09-04 00:00:00',194,30),
    (29,'2022-07-05 00:00:00',206,38),
    (30,'2022-02-22 00:00:00',192,3),
    (31,'2021-12-09 00:00:00',163,27),
    (32,'2022-11-12 00:00:00',175,16),
    (33,'2022-05-29 00:00:00',26,26),
    (34,'2022-06-08 00:00:00',242,21),
    (35,'2022-08-30 00:00:00',97,8),
    (36,'2022-08-06 00:00:00',150,5),
    (37,'2022-01-11 00:00:00',259,7),
    (38,'2022-08-07 00:00:00',195,4),
    (39,'2022-07-18 00:00:00',15,28),
    (40,'2021-11-19 00:00:00',38,24),
    (41,'2022-04-15 00:00:00',120,39),
    (42,'2022-09-18 00:00:00',202,11),
    (43,'2021-11-21 00:00:00',67,32),
    (44,'2022-10-12 00:00:00',203,34),
    (45,'2022-01-02 00:00:00',160,33),
    (46,'2021-12-20 00:00:00',146,25),
    (47,'2022-08-25 00:00:00',180,23),
    (48,'2022-11-03 00:00:00',70,15),
    (49,'2022-09-15 00:00:00',241,9),
    (50,'2022-01-15 00:00:00',262,12),
    (51,'2022-09-27 00:00:00',93,26),
    (52,'2022-09-04 00:00:00',1,38),
    (53,'2022-09-04 00:00:00',192,8),
    (54,'2022-07-03 00:00:00',276,20),
    (55,'2022-05-06 00:00:00',128,17),
    (56,'2022-08-19 00:00:00',155,34),
    (57,'2022-04-09 00:00:00',255,4),
    (58,'2022-09-10 00:00:00',182,29),
    (59,'2022-03-23 00:00:00',30,23),
    (60,'2022-03-17 00:00:00',25,32),
    (61,'2022-02-22 00:00:00',149,14),
    (62,'2022-06-22 00:00:00',151,39),
    (63,'2022-04-14 00:00:00',245,33),
    (64,'2022-06-11 00:00:00',39,21),
    (65,'2022-08-23 00:00:00',130,12),
    (66,'2022-07-14 00:00:00',186,2),
    (67,'2022-02-18 00:00:00',274,31),
    (68,'2022-08-06 00:00:00',6,10),
    (69,'2022-03-12 00:00:00',232,30),
    (70,'2022-06-16 00:00:00',243,1),
    (71,'2022-07-24 00:00:00',15,35),
    (72,'2022-02-19 00:00:00',206,36),
    (73,'2022-07-03 00:00:00',228,18),
    (74,'2022-01-31 00:00:00',260,6),
    (75,'2022-09-10 00:00:00',158,40),
    (76,'2022-04-16 00:00:00',172,10),
    (77,'2022-03-20 00:00:00',268,6),
    (78,'2022-05-06 00:00:00',129,40),
    (79,'2022-03-16 00:00:00',92,15),
    (80,'2022-02-22 00:00:00',70,39),
    (81,'2022-06-16 00:00:00',40,8),
    (82,'2022-10-08 00:00:00',93,18),
    (83,'2022-02-14 00:00:00',103,25),
    (84,'2022-06-01 00:00:00',227,34),
    (85,'2022-09-18 00:00:00',123,20),
    (86,'2022-04-23 00:00:00',96,11),
    (87,'2022-03-18 00:00:00',201,1),
    (88,'2022-09-25 00:00:00',133,12),
    (89,'2022-03-27 00:00:00',218,14),
    (90,'2022-10-29 00:00:00',112,16),
    (91,'2022-10-12 00:00:00',80,35),
    (92,'2022-03-19 00:00:00',23,33),
    (93,'2022-09-01 00:00:00',127,30),
    (94,'2022-07-28 00:00:00',161,27),
    (95,'2022-11-06 00:00:00',206,28),
    (96,'2022-01-14 00:00:00',94,21),
    (97,'2022-07-29 00:00:00',194,29),
    (98,'2022-04-28 00:00:00',191,5),
    (99,'2022-06-14 00:00:00',19,2),
    (100,'2022-08-22 00:00:00',205,9),
    (101,'2022-06-02 00:00:00',176,34),
    (102,'2021-12-16 00:00:00',40,36),
    (103,'2021-12-20 00:00:00',85,13),
    (104,'2022-10-21 00:00:00',34,3),
    (105,'2022-04-26 00:00:00',231,31),
    (106,'2022-05-28 00:00:00',298,20),
    (107,'2021-12-02 00:00:00',27,37),
    (108,'2022-04-06 00:00:00',295,29),
    (109,'2021-12-10 00:00:00',44,21),
    (110,'2022-09-04 00:00:00',86,14),
    (111,'2022-02-21 00:00:00',21,17),
    (112,'2022-03-02 00:00:00',203,22),
    (113,'2022-04-26 00:00:00',150,33),
    (114,'2022-02-25 00:00:00',214,32),
    (115,'2022-07-02 00:00:00',286,25),
    (116,'2022-02-20 00:00:00',114,23),
    (117,'2022-05-10 00:00:00',71,28),
    (118,'2022-10-08 00:00:00',257,38),
    (119,'2022-08-16 00:00:00',31,5),
    (120,'2022-04-18 00:00:00',201,27),
    (121,'2022-05-13 00:00:00',102,8),
    (122,'2022-07-16 00:00:00',266,16),
    (123,'2021-12-07 00:00:00',11,19),
    (124,'2022-08-05 00:00:00',178,10),
    (125,'2021-12-14 00:00:00',26,6),
    (126,'2022-07-26 00:00:00',214,32),
    (127,'2022-06-19 00:00:00',226,15),
    (128,'2022-07-31 00:00:00',162,3),
    (129,'2022-01-20 00:00:00',240,23),
    (130,'2022-07-27 00:00:00',17,22),
    (131,'2022-03-27 00:00:00',192,1),
    (132,'2022-03-01 00:00:00',250,21),
    (133,'2022-01-19 00:00:00',265,18),
    (134,'2022-09-05 00:00:00',218,37),
    (135,'2022-05-08 00:00:00',133,7),
    (136,'2022-04-01 00:00:00',220,29),
    (137,'2022-11-14 00:00:00',55,8),
    (138,'2022-04-02 00:00:00',31,38),
    (139,'2022-07-26 00:00:00',127,26),
    (140,'2021-12-26 00:00:00',213,16),
    (141,'2022-05-04 00:00:00',79,12),
    (142,'2021-12-08 00:00:00',201,39),
    (143,'2022-07-04 00:00:00',28,14),
    (144,'2022-07-28 00:00:00',254,24),
    (145,'2022-02-26 00:00:00',96,34),
    (146,'2022-06-17 00:00:00',154,13),
    (147,'2022-08-08 00:00:00',25,31),
    (148,'2022-02-19 00:00:00',63,33),
    (149,'2022-03-27 00:00:00',118,20),
    (150,'2022-08-29 00:00:00',123,4),
    (151,'2021-12-15 00:00:00',116,1),
    (152,'2022-07-01 00:00:00',257,5),
    (153,'2022-01-19 00:00:00',206,18),
    (154,'2022-03-12 00:00:00',21,16),
    (155,'2022-10-31 00:00:00',294,15),
    (156,'2022-04-10 00:00:00',26,8),
    (157,'2022-08-20 00:00:00',8,32),
    (158,'2022-09-11 00:00:00',177,30),
    (159,'2022-08-11 00:00:00',184,25),
    (160,'2022-07-23 00:00:00',81,19),
    (161,'2022-06-24 00:00:00',196,29),
    (162,'2022-05-07 00:00:00',172,34),
    (163,'2021-12-28 00:00:00',68,9),
    (164,'2022-06-06 00:00:00',269,38),
    (165,'2022-08-01 00:00:00',12,22),
    (166,'2022-04-10 00:00:00',42,21),
    (167,'2022-04-15 00:00:00',36,14),
    (168,'2022-09-29 00:00:00',30,24),
    (169,'2022-09-10 00:00:00',28,26),
    (170,'2022-06-24 00:00:00',59,37),
    (171,'2022-11-03 00:00:00',209,13),
    (172,'2022-10-27 00:00:00',240,4),
    (173,'2022-09-03 00:00:00',90,11),
    (174,'2021-11-30 00:00:00',61,27),
    (175,'2022-01-08 00:00:00',86,10),
    (176,'2022-09-14 00:00:00',187,20),
    (177,'2021-11-21 00:00:00',161,7),
    (178,'2022-04-25 00:00:00',34,17),
    (179,'2022-09-19 00:00:00',167,34),
    (180,'2022-10-15 00:00:00',158,14),
    (181,'2022-10-16 00:00:00',25,37),
    (182,'2022-06-11 00:00:00',39,12),
    (183,'2022-03-13 00:00:00',244,40),
    (184,'2022-09-13 00:00:00',270,24),
    (185,'2022-01-24 00:00:00',291,29),
    (186,'2022-10-15 00:00:00',259,15),
    (187,'2022-10-12 00:00:00',268,2),
    (188,'2022-11-03 00:00:00',17,27),
    (189,'2022-05-13 00:00:00',218,19),
    (190,'2022-05-30 00:00:00',212,8),
    (191,'2022-07-11 00:00:00',29,6),
    (192,'2022-06-30 00:00:00',18,22),
    (193,'2021-11-30 00:00:00',75,10),
    (194,'2022-06-23 00:00:00',160,18),
    (195,'2022-06-29 00:00:00',70,21),
    (196,'2022-05-11 00:00:00',32,13),
    (197,'2022-08-07 00:00:00',98,5),
    (198,'2022-06-11 00:00:00',163,30),
    (199,'2022-08-15 00:00:00',33,1),
    (200,'2022-01-24 00:00:00',190,32),
    (201,'2022-04-20 00:00:00',59,24),
    (202,'2022-01-21 00:00:00',101,37),
    (203,'2022-02-08 00:00:00',3,12),
    (204,'2021-12-24 00:00:00',123,1),
    (205,'2022-03-12 00:00:00',172,15),
    (206,'2022-10-07 00:00:00',256,9),
    (207,'2022-01-05 00:00:00',131,3),
    (208,'2022-03-06 00:00:00',25,38),
    (209,'2022-05-13 00:00:00',257,36),
    (210,'2022-06-05 00:00:00',251,22),
    (211,'2022-06-22 00:00:00',117,39),
    (212,'2022-08-01 00:00:00',293,34),
    (213,'2022-02-10 00:00:00',23,19),
    (214,'2022-08-11 00:00:00',226,29),
    (215,'2022-07-23 00:00:00',28,5),
    (216,'2022-08-09 00:00:00',114,6),
    (217,'2022-02-22 00:00:00',38,26),
    (218,'2022-05-08 00:00:00',292,2),
    (219,'2022-10-22 00:00:00',253,30),
    (220,'2022-10-08 00:00:00',146,23),
    (221,'2022-07-23 00:00:00',231,20),
    (222,'2022-06-20 00:00:00',174,35),
    (223,'2022-03-04 00:00:00',12,10),
    (224,'2022-07-24 00:00:00',148,31),
    (225,'2022-05-04 00:00:00',119,21),
    (226,'2022-11-12 00:00:00',183,32),
    (227,'2021-12-17 00:00:00',233,14),
    (228,'2022-05-25 00:00:00',69,31),
    (229,'2022-04-04 00:00:00',9,18),
    (230,'2022-10-03 00:00:00',55,5),
    (231,'2022-05-14 00:00:00',65,38),
    (232,'2021-11-21 00:00:00',201,10),
    (233,'2022-09-17 00:00:00',74,39),
    (234,'2021-12-23 00:00:00',38,16),
    (235,'2022-05-25 00:00:00',43,19),
    (236,'2022-01-30 00:00:00',24,3),
    (237,'2022-07-15 00:00:00',10,22),
    (238,'2021-12-28 00:00:00',99,9),
    (239,'2021-11-25 00:00:00',213,40),
    (240,'2021-12-27 00:00:00',294,24),
    (241,'2022-01-28 00:00:00',197,30),
    (242,'2021-11-24 00:00:00',170,33),
    (243,'2022-09-24 00:00:00',75,4),
    (244,'2022-05-07 00:00:00',203,34),
    (245,'2022-01-05 00:00:00',103,25),
    (246,'2022-05-06 00:00:00',70,13),
    (247,'2022-09-10 00:00:00',258,8),
    (248,'2022-03-11 00:00:00',215,26),
    (249,'2022-05-01 00:00:00',186,1),
    (250,'2022-02-20 00:00:00',199,6);
INSERT INTO ORDERS VALUES
    (251,'2022-11-07 00:00:00',66,40),
    (252,'2022-07-10 00:00:00',157,14),
    (253,'2022-04-04 00:00:00',52,4),
    (254,'2022-08-19 00:00:00',118,16),
    (255,'2022-11-06 00:00:00',277,3),
    (256,'2022-05-16 00:00:00',40,2),
    (257,'2022-05-25 00:00:00',143,7),
    (258,'2021-12-29 00:00:00',260,22),
    (259,'2022-09-09 00:00:00',167,10),
    (260,'2022-01-14 00:00:00',16,23),
    (261,'2022-09-04 00:00:00',78,35),
    (262,'2022-02-09 00:00:00',39,9),
    (263,'2022-10-19 00:00:00',108,37),
    (264,'2022-07-04 00:00:00',146,39),
    (265,'2021-11-22 00:00:00',43,25),
    (266,'2022-08-05 00:00:00',31,26),
    (267,'2022-02-21 00:00:00',278,19),
    (268,'2022-04-21 00:00:00',296,13),
    (269,'2022-04-15 00:00:00',226,36),
    (270,'2022-09-29 00:00:00',30,17),
    (271,'2022-09-19 00:00:00',284,29),
    (272,'2022-01-19 00:00:00',67,32),
    (273,'2022-01-08 00:00:00',289,33),
    (274,'2022-09-08 00:00:00',210,24),
    (275,'2022-03-22 00:00:00',86,18),
    (276,'2022-08-28 00:00:00',284,3),
    (277,'2022-03-29 00:00:00',261,10),
    (278,'2022-05-14 00:00:00',212,15),
    (279,'2022-08-14 00:00:00',91,33),
    (280,'2022-07-27 00:00:00',150,7),
    (281,'2022-04-01 00:00:00',297,11),
    (282,'2022-07-22 00:00:00',260,30),
    (283,'2022-06-21 00:00:00',70,24),
    (284,'2022-01-01 00:00:00',249,37),
    (285,'2022-01-28 00:00:00',126,20),
    (286,'2021-12-02 00:00:00',163,25),
    (287,'2022-02-17 00:00:00',177,5),
    (288,'2022-09-28 00:00:00',229,27),
    (289,'2022-02-19 00:00:00',30,8),
    (290,'2022-07-13 00:00:00',222,16),
    (291,'2022-01-25 00:00:00',141,1),
    (292,'2022-01-31 00:00:00',263,35),
    (293,'2022-10-03 00:00:00',84,12),
    (294,'2022-07-14 00:00:00',169,29),
    (295,'2022-06-28 00:00:00',102,34),
    (296,'2022-01-07 00:00:00',279,17),
    (297,'2022-04-29 00:00:00',274,40),
    (298,'2022-04-13 00:00:00',26,9),
    (299,'2022-01-03 00:00:00',113,36),
    (300,'2022-10-21 00:00:00',170,19),
    (301,'2022-06-13 00:00:00',280,7),
    (302,'2022-04-19 00:00:00',150,31),
    (303,'2022-06-11 00:00:00',268,27),
    (304,'2021-12-19 00:00:00',283,8),
    (305,'2022-10-15 00:00:00',107,6),
    (306,'2022-07-14 00:00:00',195,35),
    (307,'2022-05-15 00:00:00',167,21),
    (308,'2022-06-05 00:00:00',244,13),
    (309,'2022-08-05 00:00:00',136,19),
    (310,'2022-10-02 00:00:00',146,12),
    (311,'2022-10-09 00:00:00',48,37),
    (312,'2022-08-14 00:00:00',147,2),
    (313,'2022-10-12 00:00:00',156,11),
    (314,'2022-01-02 00:00:00',86,4),
    (315,'2022-06-01 00:00:00',253,23),
    (316,'2022-01-28 00:00:00',128,18),
    (317,'2022-01-14 00:00:00',34,17),
    (318,'2022-10-07 00:00:00',184,39),
    (319,'2021-12-19 00:00:00',14,30),
    (320,'2022-06-02 00:00:00',281,32),
    (321,'2022-01-24 00:00:00',127,15),
    (322,'2021-12-09 00:00:00',109,3),
    (323,'2022-04-08 00:00:00',65,16),
    (324,'2022-09-05 00:00:00',185,22),
    (325,'2022-08-24 00:00:00',100,40),
    (326,'2022-01-10 00:00:00',254,3),
    (327,'2022-05-26 00:00:00',204,12),
    (328,'2022-02-21 00:00:00',49,22),
    (329,'2022-07-28 00:00:00',73,5),
    (330,'2022-07-19 00:00:00',128,39),
    (331,'2022-06-04 00:00:00',273,30),
    (332,'2022-02-21 00:00:00',163,32),
    (333,'2021-12-08 00:00:00',143,19),
    (334,'2022-02-22 00:00:00',184,31),
    (335,'2022-06-26 00:00:00',189,36),
    (336,'2022-01-24 00:00:00',10,11),
    (337,'2022-10-13 00:00:00',193,25),
    (338,'2022-07-18 00:00:00',243,14),
    (339,'2022-07-08 00:00:00',218,20),
    (340,'2022-07-09 00:00:00',247,18),
    (341,'2022-06-21 00:00:00',84,10),
    (342,'2022-04-21 00:00:00',264,28),
    (343,'2022-02-04 00:00:00',227,27),
    (344,'2022-02-24 00:00:00',39,26),
    (345,'2022-01-25 00:00:00',107,40),
    (346,'2022-04-10 00:00:00',17,38),
    (347,'2022-04-20 00:00:00',267,37),
    (348,'2021-11-23 00:00:00',255,16),
    (349,'2021-12-08 00:00:00',188,35),
    (350,'2022-08-12 00:00:00',260,15),
    (351,'2022-10-28 00:00:00',130,35),
    (352,'2022-09-20 00:00:00',219,31),
    (353,'2021-11-22 00:00:00',265,29),
    (354,'2022-10-31 00:00:00',267,34),
    (355,'2022-05-20 00:00:00',95,6),
    (356,'2022-04-02 00:00:00',55,37),
    (357,'2021-12-09 00:00:00',210,32),
    (358,'2022-05-10 00:00:00',34,26),
    (359,'2022-02-27 00:00:00',73,18),
    (360,'2022-07-09 00:00:00',237,5),
    (361,'2021-12-07 00:00:00',69,27),
    (362,'2022-07-26 00:00:00',23,16),
    (363,'2022-03-10 00:00:00',24,19),
    (364,'2022-02-22 00:00:00',96,40),
    (365,'2022-07-19 00:00:00',200,33),
    (366,'2021-12-26 00:00:00',194,25),
    (367,'2022-08-13 00:00:00',183,20),
    (368,'2022-08-19 00:00:00',127,3),
    (369,'2022-05-21 00:00:00',70,36),
    (370,'2022-09-04 00:00:00',131,9),
    (371,'2022-10-23 00:00:00',296,24),
    (372,'2022-05-22 00:00:00',53,11),
    (373,'2022-01-23 00:00:00',228,22),
    (374,'2022-01-22 00:00:00',44,17),
    (375,'2022-05-16 00:00:00',287,39),
    (376,'2022-09-15 00:00:00',208,40),
    (377,'2022-07-19 00:00:00',46,15),
    (378,'2022-07-14 00:00:00',278,10),
    (379,'2022-08-12 00:00:00',9,27),
    (380,'2022-08-29 00:00:00',127,8),
    (381,'2022-04-13 00:00:00',138,36),
    (382,'2022-09-13 00:00:00',99,19),
    (383,'2022-06-10 00:00:00',103,29),
    (384,'2022-03-23 00:00:00',158,25),
    (385,'2022-03-19 00:00:00',126,17),
    (386,'2022-02-23 00:00:00',116,20),
    (387,'2022-08-25 00:00:00',85,16),
    (388,'2022-02-26 00:00:00',181,12),
    (389,'2022-09-08 00:00:00',237,11),
    (390,'2022-05-03 00:00:00',241,23),
    (391,'2021-12-13 00:00:00',5,18),
    (392,'2022-06-03 00:00:00',166,21),
    (393,'2022-06-14 00:00:00',68,31),
    (394,'2022-02-01 00:00:00',3,37),
    (395,'2022-07-27 00:00:00',49,13),
    (396,'2022-05-15 00:00:00',109,24),
    (397,'2021-12-05 00:00:00',228,38),
    (398,'2022-10-01 00:00:00',185,32),
    (399,'2022-05-26 00:00:00',29,4),
    (400,'2022-10-13 00:00:00',195,33),
    (401,'2022-01-30 00:00:00',205,29),
    (402,'2022-04-22 00:00:00',124,7),
    (403,'2022-05-24 00:00:00',62,23),
    (404,'2021-12-24 00:00:00',64,6),
    (405,'2022-10-12 00:00:00',137,15),
    (406,'2022-03-20 00:00:00',247,32),
    (407,'2021-11-23 00:00:00',38,11),
    (408,'2022-04-23 00:00:00',71,16),
    (409,'2022-08-25 00:00:00',255,19),
    (410,'2021-12-24 00:00:00',121,13),
    (411,'2022-03-13 00:00:00',100,26),
    (412,'2022-10-01 00:00:00',146,5),
    (413,'2022-05-21 00:00:00',249,4),
    (414,'2022-11-13 00:00:00',116,34),
    (415,'2021-11-28 00:00:00',252,25),
    (416,'2021-11-20 00:00:00',135,22),
    (417,'2021-12-13 00:00:00',22,38),
    (418,'2022-10-11 00:00:00',33,35),
    (419,'2022-03-26 00:00:00',27,8),
    (420,'2022-07-20 00:00:00',295,28),
    (421,'2022-06-04 00:00:00',90,24),
    (422,'2022-08-14 00:00:00',15,31),
    (423,'2021-11-28 00:00:00',195,10),
    (424,'2022-05-24 00:00:00',96,27),
    (425,'2021-12-17 00:00:00',242,12),
    (426,'2022-01-05 00:00:00',281,29),
    (427,'2022-10-02 00:00:00',169,16),
    (428,'2022-04-16 00:00:00',59,8),
    (429,'2022-10-14 00:00:00',257,15),
    (430,'2022-08-24 00:00:00',38,27),
    (431,'2021-12-02 00:00:00',191,23),
    (432,'2022-07-17 00:00:00',244,19),
    (433,'2022-04-10 00:00:00',259,12),
    (434,'2022-10-11 00:00:00',184,1),
    (435,'2022-01-26 00:00:00',190,18),
    (436,'2022-06-03 00:00:00',218,38),
    (437,'2022-08-06 00:00:00',69,34),
    (438,'2021-12-19 00:00:00',266,31),
    (439,'2022-05-25 00:00:00',224,37),
    (440,'2021-12-07 00:00:00',176,25),
    (441,'2022-05-16 00:00:00',136,17),
    (442,'2022-08-23 00:00:00',205,26),
    (443,'2022-08-17 00:00:00',37,14),
    (444,'2022-01-20 00:00:00',1,6),
    (445,'2022-01-08 00:00:00',274,21),
    (446,'2021-11-24 00:00:00',86,32),
    (447,'2022-05-25 00:00:00',228,20),
    (448,'2022-04-07 00:00:00',279,35),
    (449,'2021-12-10 00:00:00',156,40),
    (450,'2022-04-21 00:00:00',215,5),
    (451,'2022-01-03 00:00:00',17,8),
    (452,'2022-11-14 00:00:00',11,34),
    (453,'2021-12-05 00:00:00',219,18),
    (454,'2022-02-05 00:00:00',259,36),
    (455,'2022-06-01 00:00:00',142,37),
    (456,'2022-01-16 00:00:00',78,21),
    (457,'2022-04-11 00:00:00',97,5),
    (458,'2022-06-03 00:00:00',208,22),
    (459,'2022-10-02 00:00:00',6,6),
    (460,'2022-08-13 00:00:00',52,29),
    (461,'2022-10-31 00:00:00',43,13),
    (462,'2022-05-03 00:00:00',281,19),
    (463,'2021-12-11 00:00:00',288,4),
    (464,'2022-05-02 00:00:00',112,17),
    (465,'2022-02-27 00:00:00',98,35),
    (466,'2022-05-14 00:00:00',187,24),
    (467,'2022-10-02 00:00:00',239,7),
    (468,'2022-02-02 00:00:00',76,38),
    (469,'2022-01-01 00:00:00',8,11),
    (470,'2022-11-03 00:00:00',72,40),
    (471,'2022-02-18 00:00:00',231,32),
    (472,'2022-05-07 00:00:00',200,31),
    (473,'2022-03-27 00:00:00',24,23),
    (474,'2022-10-27 00:00:00',56,26),
    (475,'2022-06-02 00:00:00',178,3),
    (476,'2022-05-22 00:00:00',289,4),
    (477,'2022-10-03 00:00:00',52,20),
    (478,'2022-01-14 00:00:00',283,9),
    (479,'2022-05-22 00:00:00',271,33),
    (480,'2022-06-25 00:00:00',256,40),
    (481,'2022-05-20 00:00:00',270,2),
    (482,'2022-06-15 00:00:00',9,19),
    (483,'2022-07-04 00:00:00',197,26),
    (484,'2022-02-09 00:00:00',12,12),
    (485,'2022-05-30 00:00:00',119,14),
    (486,'2022-03-24 00:00:00',278,23),
    (487,'2022-04-22 00:00:00',281,30),
    (488,'2022-05-15 00:00:00',24,22),
    (489,'2022-02-07 00:00:00',87,25),
    (490,'2022-07-12 00:00:00',269,27),
    (491,'2022-03-01 00:00:00',217,15),
    (492,'2022-06-09 00:00:00',63,32),
    (493,'2022-05-25 00:00:00',260,1),
    (494,'2022-02-24 00:00:00',190,18),
    (495,'2022-03-16 00:00:00',46,37),
    (496,'2022-04-21 00:00:00',280,3),
    (497,'2022-04-17 00:00:00',203,11),
    (498,'2022-11-17 00:00:00',240,21),
    (499,'2022-01-09 00:00:00',284,36),
    (500,'2022-04-12 00:00:00',138,35);
CREATE TABLE ORDER_ITEMS (
    ORDER_ID INT NOT NULL,
    PRODUCT_ID INT NOT NULL,
    PRIMARY KEY (ORDER_ID,PRODUCT_ID),
    FOREIGN KEY (ORDER_ID) REFERENCES ORDERS(ORDER_ID),
     FOREIGN KEY (PRODUCT_ID) REFERENCES PRODUCT(PRODUCT_ID)
);
SELECT * FROM ORDER_ITEMS;
INSERT INTO ORDER_ITEMS VALUES
    (44,125),
    (367,91),
    (447,32),
    (442,67),
    (87,53),
    (319,39),
    (14,26),
    (368,93),
    (226,46),
    (362,99),
    (234,34),
    (450,131),
    (78,8),
    (414,107),
    (108,176),
    (462,60),
    (157,180),
    (472,184),
    (403,3),
    (307,24),
    (89,192),
    (103,187),
    (15,130),
    (71,110),
    (53,151),
    (150,88),
    (476,5),
    (211,164),
    (394,64),
    (191,63),
    (42,161),
    (239,168),
    (195,37),
    (12,105),
    (392,9),
    (396,66),
    (285,121),
    (17,73),
    (230,81),
    (232,68),
    (262,160),
    (36,50),
    (443,179),
    (215,152),
    (61,115),
    (93,195),
    (268,123),
    (273,178),
    (475,181),
    (487,87),
    (141,66),
    (220,2),
    (149,142),
    (496,123),
    (481,199),
    (226,29),
    (169,105),
    (319,25),
    (426,18),
    (61,84),
    (227,60),
    (114,64),
    (276,37),
    (282,65),
    (240,96),
    (363,136),
    (373,117),
    (472,103),
    (292,8),
    (490,135),
    (85,179),
    (119,108),
    (279,86),
    (156,119),
    (270,169),
    (124,113),
    (272,116),
    (331,99),
    (374,19),
    (133,150),
    (211,144),
    (215,27),
    (262,187),
    (235,3),
    (179,28),
    (91,77),
    (127,184),
    (418,159),
    (303,109),
    (289,78),
    (247,101),
    (201,180),
    (147,92),
    (495,125),
    (126,147),
    (123,195),
    (393,31),
    (431,82),
    (51,154),
    (102,90),
    (391,188),
    (319,157),
    (147,197),
    (357,192),
    (386,135),
    (434,44),
    (20,27),
    (411,86),
    (34,9),
    (14,54),
    (330,144),
    (144,117),
    (481,134),
    (295,103),
    (125,109),
    (401,124),
    (82,52),
    (64,162),
    (397,16),
    (197,131),
    (149,158),
    (108,195),
    (43,161),
    (56,125),
    (69,97),
    (202,4),
    (370,182),
    (470,79),
    (326,152),
    (433,8),
    (250,138),
    (406,118),
    (110,194),
    (85,88),
    (90,160),
    (452,49),
    (419,26),
    (65,168),
    (200,170),
    (35,22),
    (432,56),
    (482,61),
    (317,78),
    (233,107),
    (320,137),
    (160,172),
    (465,190),
    (237,130),
    (340,85),
    (126,146),
    (54,95),
    (83,165),
    (222,190),
    (368,185),
    (361,158),
    (155,195),
    (306,50),
    (283,176),
    (275,99),
    (433,2),
    (144,85),
    (41,120),
    (394,124),
    (10,27),
    (65,113),
    (392,100),
    (53,7),
    (245,97),
    (230,9),
    (182,76),
    (271,77),
    (294,92),
    (62,96),
    (268,173),
    (148,58),
    (140,171),
    (399,41),
    (15,72),
    (81,144),
    (318,174),
    (272,138),
    (127,33),
    (375,111),
    (119,119),
    (108,20),
    (2,182),
    (402,64),
    (334,45),
    (79,196),
    (258,146),
    (154,139),
    (95,168),
    (377,200),
    (301,121),
    (471,62),
    (348,166),
    (168,180),
    (450,123),
    (226,162),
    (249,124),
    (110,39),
    (261,23),
    (235,14),
    (314,144),
    (388,89),
    (498,141),
    (65,72),
    (141,114),
    (390,34),
    (460,145),
    (418,107),
    (221,120),
    (46,186),
    (217,68),
    (328,139),
    (238,152),
    (415,188),
    (494,6),
    (177,198),
    (9,169),
    (234,51),
    (179,164),
    (70,28),
    (267,78),
    (329,55),
    (403,7),
    (428,86),
    (384,140),
    (197,46),
    (23,174),
    (435,100),
    (42,66),
    (489,10),
    (96,22),
    (343,63),
    (134,75),
    (452,155),
    (247,136),
    (451,165),
    (149,29),
    (441,45),
    (499,54),
    (475,77),
    (258,172),
    (288,21),
    (92,93),
    (139,149),
    (245,115),
    (106,111),
    (207,180);
INSERT INTO ORDER_ITEMS VALUES
    (302,169),
    (243,166),
    (367,95),
    (349,158),
    (42,72),
    (451,89),
    (310,63),
    (58,181),
    (472,48),
    (84,87),
    (286,164),
    (328,157),
    (496,124),
    (165,60),
    (177,182),
    (247,154),
    (497,33),
    (142,199),
    (276,92),
    (314,155),
    (477,196),
    (300,91),
    (260,151),
    (486,198),
    (430,20),
    (71,75),
    (271,26),
    (325,112),
    (158,47),
    (164,34),
    (32,142),
    (412,81),
    (415,103),
    (266,42),
    (370,58),
    (272,12),
    (424,127),
    (403,126),
    (45,93),
    (189,21),
    (282,23),
    (144,113),
    (408,8),
    (321,105),
    (128,82),
    (257,2),
    (460,41),
    (52,78),
    (490,101),
    (154,97),
    (158,51),
    (87,46),
    (472,106),
    (11,5),
    (329,149),
    (272,129),
    (238,38),
    (319,29),
    (392,136),
    (484,114),
    (283,31),
    (359,77),
    (402,94),
    (248,2),
    (497,181),
    (251,6),
    (213,127),
    (317,103),
    (434,122),
    (177,81),
    (366,75),
    (127,168),
    (296,143),
    (473,62),
    (174,155),
    (187,161),
    (398,112),
    (396,4),
    (364,176),
    (142,98),
    (161,28),
    (58,36),
    (17,169),
    (228,121),
    (261,43),
    (81,63),
    (453,96),
    (245,102),
    (258,53),
    (73,177),
    (173,145),
    (295,159),
    (141,33),
    (216,180),
    (192,135),
    (290,3),
    (124,10),
    (459,160),
    (186,41),
    (265,76),
    (190,150),
    (273,198),
    (451,41),
    (370,47),
    (257,45),
    (155,28),
    (276,131),
    (224,43),
    (79,146),
    (277,126),
    (249,33),
    (298,161),
    (397,184),
    (50,29),
    (256,34),
    (455,114),
    (48,103),
    (356,197),
    (173,26),
    (453,5),
    (175,17),
    (14,79),
    (443,63),
    (452,3),
    (485,10),
    (382,151),
    (130,116),
    (112,84),
    (164,137),
    (478,120),
    (420,49),
    (431,109),
    (230,66),
    (457,70),
    (208,175),
    (193,173),
    (16,20),
    (412,104),
    (408,172),
    (441,123),
    (339,16),
    (12,2),
    (68,110),
    (465,13),
    (181,183),
    (269,154),
    (183,81),
    (479,180),
    (306,77),
    (52,176),
    (450,83),
    (456,168),
    (220,22),
    (331,85),
    (104,163),
    (481,32),
    (78,144),
    (364,122),
    (391,157),
    (106,66),
    (408,178),
    (400,64),
    (243,17),
    (340,14),
    (486,69),
    (458,118),
    (367,15),
    (383,26),
    (123,29),
    (296,44),
    (30,99),
    (177,104),
    (176,58),
    (39,71),
    (370,160),
    (22,98),
    (103,74),
    (181,147),
    (226,75),
    (16,54),
    (57,150),
    (485,11),
    (153,87),
    (131,84),
    (129,181),
    (100,76),
    (264,41),
    (312,158),
    (280,133),
    (336,1),
    (21,86),
    (474,96),
    (23,138),
    (286,129),
    (108,184),
    (283,78),
    (424,173),
    (389,123),
    (179,9),
    (140,61),
    (132,107),
    (302,128),
    (454,135),
    (316,100),
    (84,105),
    (469,30),
    (53,130),
    (394,83),
    (456,45),
    (448,131),
    (75,103),
    (376,171),
    (247,121),
    (49,152),
    (166,136),
    (379,57),
    (17,48),
    (41,108),
    (28,78),
    (15,42),
    (175,27),
    (253,64),
    (455,120),
    (440,85),
    (246,148),
    (445,179),
    (216,191),
    (11,164),
    (262,33),
    (392,134),
    (271,11),
    (294,157),
    (350,199),
    (42,99),
    (312,9),
    (248,67),
    (192,168),
    (31,56),
    (281,154),
    (360,58),
    (423,34),
    (138,138),
    (266,193),
    (315,142),
    (334,156),
    (200,198),
    (80,172),
    (403,26),
    (405,175),
    (151,4);
INSERT INTO ORDER_ITEMS VALUES
    (318,43),
    (437,107),
    (245,24),
    (287,64),
    (349,171),
    (205,181),
    (304,99),
    (168,87),
    (109,170),
    (473,71),
    (429,196),
    (395,143),
    (43,61),
    (141,166),
    (201,80),
    (423,103),
    (487,70),
    (409,134),
    (498,74),
    (71,54),
    (31,51),
    (256,121),
    (240,120),
    (100,183),
    (327,148),
    (4,164),
    (215,95),
    (335,197),
    (76,11),
    (5,152),
    (399,90),
    (74,140),
    (341,9),
    (176,101),
    (285,159),
    (472,94),
    (9,160),
    (99,2),
    (80,102),
    (277,100),
    (347,41),
    (147,27),
    (422,97),
    (172,130),
    (414,29),
    (264,40),
    (252,58),
    (226,35),
    (282,33),
    (233,51),
    (458,198),
    (63,20),
    (426,160),
    (292,83),
    (160,127),
    (81,12),
    (109,70),
    (266,13),
    (88,102),
    (312,34),
    (40,11),
    (456,141),
    (39,89),
    (225,122),
    (425,188),
    (334,112),
    (372,106),
    (126,58),
    (221,166),
    (375,165),
    (159,24),
    (476,15),
    (143,72),
    (376,143),
    (250,174),
    (457,77),
    (198,87),
    (174,6),
    (459,57),
    (309,131),
    (279,91),
    (219,183),
    (453,135),
    (94,187),
    (353,115),
    (363,159),
    (103,104),
    (65,149),
    (277,31),
    (253,152),
    (265,200),
    (251,153),
    (51,172),
    (83,136),
    (145,54),
    (487,137),
    (410,44),
    (499,73),
    (394,17),
    (450,60),
    (348,62),
    (386,147),
    (328,90),
    (324,177),
    (352,166),
    (143,136),
    (19,27),
    (225,15),
    (391,185),
    (275,91),
    (423,67),
    (204,171),
    (81,194),
    (125,186),
    (316,13),
    (223,106),
    (479,96),
    (433,38),
    (123,93),
    (82,56),
    (355,85),
    (406,77),
    (239,47),
    (390,98),
    (364,138),
    (247,88),
    (395,29),
    (156,72),
    (252,79),
    (486,58),
    (51,196),
    (449,157),
    (315,152),
    (183,189),
    (463,198),
    (468,82),
    (109,116),
    (139,100),
    (347,151),
    (222,188),
    (185,161),
    (483,39),
    (134,17),
    (388,49),
    (336,35),
    (115,87),
    (402,2),
    (254,174),
    (164,3),
    (57,128),
    (47,87),
    (343,70),
    (337,9),
    (420,187),
    (35,4),
    (85,119),
    (278,14),
    (125,125),
    (280,127),
    (232,22),
    (347,26),
    (363,63),
    (277,173),
    (309,18),
    (209,193),
    (387,110),
    (61,152),
    (18,142),
    (223,6),
    (370,107),
    (344,1),
    (439,124),
    (55,15),
    (42,186),
    (56,191),
    (452,67),
    (9,76),
    (320,37),
    (279,77),
    (258,45),
    (14,175),
    (93,52),
    (325,130),
    (133,69),
    (442,181),
    (298,160),
    (413,114),
    (17,61),
    (433,29),
    (380,34),
    (51,153),
    (373,65),
    (43,184),
    (404,47),
    (488,190),
    (204,147),
    (53,12),
    (245,171),
    (296,92),
    (32,41),
    (352,187),
    (95,88),
    (144,47),
    (37,144),
    (476,86),
    (189,164),
    (135,92),
    (99,93),
    (237,105),
    (242,7),
    (465,3),
    (101,107),
    (51,131),
    (197,73),
    (247,59),
    (10,43),
    (161,137),
    (127,172),
    (236,192),
    (204,141),
    (9,129),
    (39,133),
    (299,38),
    (107,112),
    (262,138),
    (205,117),
    (186,191),
    (48,37),
    (246,176),
    (241,67),
    (66,23),
    (321,165),
    (384,33),
    (393,128),
    (308,194),
    (361,156),
    (387,72),
    (128,64),
    (434,115),
    (479,20),
    (315,68),
    (496,57),
    (300,30),
    (30,29),
    (473,186),
    (15,167),
    (296,98),
    (253,42),
    (4,26),
    (383,140);
INSERT INTO ORDER_ITEMS VALUES
    (172,193),
    (71,37),
    (299,41),
    (209,130),
    (309,111),
    (239,136),
    (412,117),
    (174,120),
    (348,191),
    (96,126),
    (54,105),
    (393,40),
    (273,25),
    (234,155),
    (447,97),
    (66,88),
    (137,13),
    (147,15),
    (232,80),
    (279,148),
    (360,9),
    (226,184),
    (297,199),
    (358,134),
    (272,4),
    (219,189),
    (346,186),
    (449,110),
    (34,98),
    (228,104),
    (280,150),
    (441,135),
    (166,45),
    (496,21),
    (36,167),
    (415,166),
    (445,94),
    (284,116),
    (293,175),
    (407,51),
    (363,39),
    (388,113),
    (130,6),
    (333,146),
    (339,34),
    (323,57),
    (419,157),
    (352,96),
    (115,74),
    (115,33),
    (60,46),
    (82,142),
    (442,106),
    (296,74),
    (399,86),
    (480,108),
    (422,118),
    (247,10),
    (493,37),
    (478,60),
    (309,42),
    (203,43),
    (209,9),
    (169,136),
    (224,144),
    (86,41),
    (214,58),
    (465,72),
    (25,104),
    (481,147),
    (469,53),
    (67,12),
    (52,75),
    (306,73),
    (346,148),
    (216,165),
    (221,191),
    (427,111),
    (361,8),
    (32,90),
    (99,98),
    (65,167),
    (437,160),
    (118,76),
    (98,19),
    (340,180),
    (398,166),
    (167,156),
    (354,158),
    (433,67),
    (13,130),
    (127,164),
    (22,126),
    (36,14),
    (489,77),
    (449,122),
    (165,198),
    (157,149),
    (283,28),
    (157,131),
    (38,166),
    (392,15),
    (105,157),
    (104,189),
    (134,95),
    (65,105),
    (151,149),
    (72,37),
    (158,20),
    (9,44),
    (314,3),
    (302,142),
    (308,154),
    (150,66),
    (253,8),
    (25,10),
    (304,188),
    (337,156),
    (88,75),
    (149,140),
    (440,179),
    (168,147),
    (417,130),
    (358,175),
    (201,39),
    (108,13),
    (355,138),
    (319,88),
    (442,99),
    (11,196),
    (361,150),
    (498,101),
    (263,91),
    (266,165),
    (476,36),
    (406,187),
    (464,43),
    (356,30),
    (379,84),
    (429,194),
    (60,18),
    (384,82),
    (373,162),
    (97,27),
    (4,31),
    (212,143),
    (310,34),
    (400,98),
    (82,105),
    (471,42),
    (51,115),
    (143,199),
    (28,190),
    (94,174),
    (393,152),
    (434,92),
    (3,87),
    (309,102),
    (239,150),
    (205,15),
    (232,59),
    (281,186),
    (45,153),
    (439,169),
    (126,71),
    (450,80),
    (91,131),
    (250,10),
    (98,164),
    (109,193),
    (224,181),
    (457,27),
    (90,200),
    (406,31),
    (329,136),
    (190,29),
    (465,139),
    (158,7),
    (127,51),
    (285,141),
    (322,97),
    (93,123),
    (416,133),
    (482,130),
    (25,122),
    (219,118),
    (262,128),
    (249,129),
    (349,143),
    (187,100),
    (207,43),
    (292,182),
    (75,41),
    (396,132),
    (256,96),
    (195,194),
    (38,153),
    (257,173),
    (400,120),
    (447,101),
    (313,147),
    (16,162),
    (422,112),
    (416,16),
    (325,59),
    (282,130),
    (126,170),
    (446,122),
    (214,102),
    (384,105),
    (206,98),
    (391,63),
    (76,20),
    (241,151),
    (216,49),
    (30,69),
    (127,124),
    (172,163),
    (85,113),
    (198,52),
    (296,193),
    (196,110),
    (499,57),
    (137,31),
    (344,104),
    (187,75),
    (373,87),
    (494,115),
    (11,154),
    (159,148),
    (402,171),
    (77,132),
    (300,29),
    (376,39),
    (394,65),
    (232,79),
    (58,172),
    (179,140),
    (253,85),
    (91,141),
    (496,117),
    (337,160),
    (212,12),
    (191,99),
    (31,166),
    (128,191);
CREATE TABLE INVOICE (
    INVOICE_ID INT NOT NULL,
    EMPLOYEE_ID INT NOT NULL,
    ORDER_ID INT NOT NULL,
    TOTAL_AMOUNT DECIMAL(10,3),
    TAX DECIMAL(10,3),
    TYPE_OF_PAYEMENT VARCHAR(255),
    PRIMARY KEY (INVOICE_ID),
    FOREIGN KEY (ORDER_ID) REFERENCES ORDERS(ORDER_ID),
    FOREIGN KEY (EMPLOYEE_ID) REFERENCES EMPLOYEE(EMPLOYEE_ID)
);
INSERT INTO INVOICE VALUES
    (1,36,55,311,31.1,'CARD'),
    (2,38,237,687,68.7,'CASH'),
    (3,43,433,658,65.8,'CARD'),
    (4,49,323,651,65.1,'CASH'),
    (5,87,68,713,71.3,'CARD'),
    (6,47,241,898,89.8,'CASH'),
    (7,72,288,400,40,'CARD'),
    (8,42,361,446,44.6,'CASH'),
    (9,80,59,206,20.6,'CARD'),
    (10,98,475,392,39.2,'CASH'),
    (11,66,343,235,23.5,'CARD'),
    (12,99,44,198,19.8,'CASH'),
    (13,69,172,140,14,'CARD'),
    (14,33,284,112,11.2,'CASH'),
    (15,63,220,237,23.7,'CARD'),
    (16,62,179,585,58.5,'CASH'),
    (17,45,393,935,93.5,'CARD'),
    (18,2,443,789,78.9,'CASH'),
    (19,78,486,859,85.9,'CARD'),
    (20,17,230,143,14.3,'CASH'),
    (21,96,462,606,60.6,'CARD'),
    (22,92,245,510,51,'CASH'),
    (23,3,235,269,26.9,'CARD'),
    (24,60,139,840,84,'CASH'),
    (25,71,10,990,99,'CARD'),
    (26,95,392,861,86.1,'CASH'),
    (27,46,35,587,58.7,'CARD'),
    (28,1,301,877,87.7,'CASH'),
    (29,100,266,933,93.3,'CARD'),
    (30,48,183,759,75.9,'CASH'),
    (31,97,182,966,96.6,'CARD'),
    (32,8,54,940,94,'CASH'),
    (33,14,328,104,10.4,'CARD'),
    (34,12,426,172,17.2,'CASH'),
    (35,89,324,191,19.1,'CARD'),
    (36,90,211,290,29,'CASH'),
    (37,30,113,378,37.8,'CARD'),
    (38,9,94,690,69,'CASH'),
    (39,15,470,786,78.6,'CARD'),
    (40,23,85,456,45.6,'CASH'),
    (41,65,401,167,16.7,'CARD'),
    (42,57,407,393,39.3,'CASH'),
    (43,85,153,481,48.1,'CARD'),
    (44,94,265,272,27.2,'CASH'),
    (45,67,391,375,37.5,'CARD'),
    (46,37,157,107,10.7,'CASH'),
    (47,84,198,419,41.9,'CARD'),
    (48,26,134,319,31.9,'CASH'),
    (49,25,355,871,87.1,'CARD'),
    (50,55,233,206,20.6,'CASH'),
    (51,90,434,293,29.3,'CARD'),
    (52,18,257,253,25.3,'CASH'),
    (53,93,340,968,96.8,'CARD'),
    (54,81,268,745,74.5,'CASH'),
    (55,27,337,176,17.6,'CARD'),
    (56,21,365,798,79.8,'CASH'),
    (57,75,246,155,15.5,'CARD'),
    (58,64,484,493,49.3,'CASH'),
    (59,70,8,875,87.5,'CARD'),
    (60,71,177,776,77.6,'CASH'),
    (61,16,294,556,55.6,'CARD'),
    (62,32,62,201,20.1,'CASH'),
    (63,79,285,313,31.3,'CARD'),
    (64,62,399,112,11.2,'CASH'),
    (65,86,375,597,59.7,'CARD'),
    (66,56,465,793,79.3,'CASH'),
    (67,13,299,386,38.6,'CARD'),
    (68,89,117,360,36,'CASH'),
    (69,14,238,157,15.7,'CARD'),
    (70,54,273,671,67.1,'CASH'),
    (71,63,266,131,13.1,'CARD'),
    (72,36,387,296,29.6,'CASH'),
    (73,73,392,504,50.4,'CARD'),
    (74,6,500,272,27.2,'CASH'),
    (75,95,166,850,85,'CARD'),
    (76,8,401,472,47.2,'CASH'),
    (77,99,147,192,19.2,'CARD'),
    (78,28,142,895,89.5,'CASH'),
    (79,19,468,154,15.4,'CARD'),
    (80,30,386,635,63.5,'CASH'),
    (81,55,379,491,49.1,'CARD'),
    (82,51,441,231,23.1,'CASH'),
    (83,77,456,631,63.1,'CARD'),
    (84,96,271,352,35.2,'CASH'),
    (85,41,486,388,38.8,'CARD'),
    (86,47,356,264,26.4,'CASH'),
    (87,24,367,263,26.3,'CARD'),
    (88,59,423,705,70.5,'CASH'),
    (89,38,346,125,12.5,'CARD'),
    (90,69,483,782,78.2,'CASH'),
    (91,7,435,623,62.3,'CARD'),
    (92,84,258,450,45,'CASH'),
    (93,83,310,266,26.6,'CARD'),
    (94,66,351,104,10.4,'CASH'),
    (95,78,26,912,91.2,'CARD'),
    (96,46,402,398,39.8,'CASH'),
    (97,100,440,450,45,'CARD'),
    (98,91,388,286,28.6,'CASH'),
    (99,33,232,720,72,'CARD'),
    (100,88,129,757,75.7,'CASH'),
    (101,63,417,498,49.8,'CARD'),
    (102,96,492,558,55.8,'CASH'),
    (103,62,192,954,95.4,'CARD'),
    (104,3,256,928,92.8,'CASH'),
    (105,59,5,267,26.7,'CARD'),
    (106,16,47,390,39,'CASH'),
    (107,84,476,492,49.2,'CARD'),
    (108,40,142,810,81,'CASH'),
    (109,64,434,376,37.6,'CARD'),
    (110,70,59,428,42.8,'CASH'),
    (111,92,383,261,26.1,'CARD'),
    (112,10,266,406,40.6,'CASH'),
    (113,77,95,984,98.4,'CARD'),
    (114,50,216,982,98.2,'CASH'),
    (115,28,483,813,81.3,'CARD'),
    (116,27,326,468,46.8,'CASH'),
    (117,57,487,703,70.3,'CARD'),
    (118,30,155,995,99.5,'CASH'),
    (119,48,467,665,66.5,'CARD'),
    (120,41,431,298,29.8,'CASH'),
    (121,90,222,531,53.1,'CARD'),
    (122,69,356,105,10.5,'CASH'),
    (123,32,101,593,59.3,'CARD'),
    (124,38,456,990,99,'CASH'),
    (125,81,340,681,68.1,'CARD'),
    (126,49,92,427,42.7,'CASH'),
    (127,89,60,954,95.4,'CARD'),
    (128,29,259,200,20,'CASH'),
    (129,5,473,875,87.5,'CARD'),
    (130,97,110,868,86.8,'CASH'),
    (131,79,168,931,93.1,'CARD'),
    (132,100,232,581,58.1,'CASH'),
    (133,37,302,248,24.8,'CARD'),
    (134,21,98,776,77.6,'CASH'),
    (135,35,347,531,53.1,'CARD'),
    (136,18,324,576,57.6,'CASH'),
    (137,88,97,862,86.2,'CARD'),
    (138,91,195,718,71.8,'CASH'),
    (139,66,333,128,12.8,'CARD'),
    (140,15,342,500,50,'CASH'),
    (141,17,369,612,61.2,'CARD'),
    (142,12,136,158,15.8,'CASH'),
    (143,86,218,308,30.8,'CARD'),
    (144,9,258,992,99.2,'CASH'),
    (145,44,338,270,27,'CARD'),
    (146,36,88,553,55.3,'CASH'),
    (147,75,344,718,71.8,'CARD'),
    (148,22,187,529,52.9,'CASH'),
    (149,65,427,915,91.5,'CARD'),
    (150,34,28,160,16,'CASH'),
    (151,77,347,186,18.6,'CARD'),
    (152,60,223,410,41,'CASH'),
    (153,18,41,742,74.2,'CARD'),
    (154,49,231,885,88.5,'CASH'),
    (155,65,72,695,69.5,'CARD'),
    (156,33,279,103,10.3,'CASH'),
    (157,86,10,871,87.1,'CARD'),
    (158,84,257,208,20.8,'CASH'),
    (159,73,111,148,14.8,'CARD'),
    (160,27,377,566,56.6,'CASH'),
    (161,57,402,389,38.9,'CARD'),
    (162,64,307,305,30.5,'CASH'),
    (163,11,48,334,33.4,'CARD'),
    (164,12,309,348,34.8,'CASH'),
    (165,25,28,173,17.3,'CARD'),
    (166,28,252,933,93.3,'CASH'),
    (167,50,87,619,61.9,'CARD'),
    (168,53,358,415,41.5,'CASH'),
    (169,36,316,207,20.7,'CARD'),
    (170,76,374,809,80.9,'CASH'),
    (171,31,323,427,42.7,'CARD'),
    (172,100,71,769,76.9,'CASH'),
    (173,2,176,787,78.7,'CARD'),
    (174,9,450,477,47.7,'CASH'),
    (175,54,247,597,59.7,'CARD'),
    (176,93,8,527,52.7,'CASH'),
    (177,5,116,648,64.8,'CARD'),
    (178,55,243,690,69,'CASH'),
    (179,85,322,312,31.2,'CARD'),
    (180,1,295,451,45.1,'CASH'),
    (181,72,233,586,58.6,'CARD'),
    (182,6,272,623,62.3,'CASH'),
    (183,7,226,840,84,'CARD'),
    (184,98,126,349,34.9,'CASH'),
    (185,37,201,238,23.8,'CARD'),
    (186,34,421,810,81,'CASH'),
    (187,14,330,229,22.9,'CARD'),
    (188,46,186,635,63.5,'CASH'),
    (189,80,325,865,86.5,'CARD'),
    (190,66,405,560,56,'CASH'),
    (191,30,222,585,58.5,'CARD'),
    (192,21,495,156,15.6,'CASH'),
    (193,70,484,231,23.1,'CARD'),
    (194,15,68,625,62.5,'CASH'),
    (195,17,191,677,67.7,'CARD'),
    (196,59,177,860,86,'CASH'),
    (197,42,255,644,64.4,'CARD'),
    (198,35,138,245,24.5,'CASH'),
    (199,13,398,370,37,'CARD'),
    (200,87,475,274,27.4,'CASH'),
    (201,29,340,402,40.2,'CARD'),
    (202,17,106,225,22.5,'CASH'),
    (203,95,416,667,66.7,'CARD'),
    (204,58,1,125,12.5,'CASH'),
    (205,56,450,677,67.7,'CARD'),
    (206,91,156,262,26.2,'CASH'),
    (207,45,89,287,28.7,'CARD'),
    (208,28,178,797,79.7,'CASH'),
    (209,42,328,990,99,'CARD'),
    (210,26,312,682,68.2,'CASH'),
    (211,23,308,835,83.5,'CARD'),
    (212,90,36,828,82.8,'CASH'),
    (213,83,44,653,65.3,'CARD'),
    (214,40,20,336,33.6,'CASH'),
    (215,44,290,998,99.8,'CARD'),
    (216,10,136,702,70.2,'CASH'),
    (217,76,277,533,53.3,'CARD'),
    (218,80,217,301,30.1,'CASH'),
    (219,46,53,594,59.4,'CARD'),
    (220,66,256,963,96.3,'CASH'),
    (221,77,52,927,92.7,'CARD'),
    (222,93,224,101,10.1,'CASH'),
    (223,63,430,524,52.4,'CARD'),
    (224,8,62,294,29.4,'CASH'),
    (225,41,259,340,34,'CARD'),
    (226,97,245,456,45.6,'CASH'),
    (227,25,109,242,24.2,'CARD'),
    (228,14,140,714,71.4,'CASH'),
    (229,43,99,121,12.1,'CARD'),
    (230,50,173,155,15.5,'CASH'),
    (231,100,490,298,29.8,'CARD'),
    (232,67,399,862,86.2,'CASH'),
    (233,69,411,888,88.8,'CARD'),
    (234,21,491,313,31.3,'CASH'),
    (235,27,166,265,26.5,'CARD'),
    (236,79,395,499,49.9,'CASH'),
    (237,6,204,436,43.6,'CARD'),
    (238,35,489,339,33.9,'CASH'),
    (239,60,446,392,39.2,'CARD'),
    (240,39,468,881,88.1,'CASH'),
    (241,9,310,822,82.2,'CARD'),
    (242,59,497,450,45,'CASH'),
    (243,94,253,797,79.7,'CARD'),
    (244,99,333,117,11.7,'CASH'),
    (245,7,69,315,31.5,'CARD'),
    (246,85,332,726,72.6,'CASH'),
    (247,64,152,903,90.3,'CARD'),
    (248,65,223,716,71.6,'CASH'),
    (249,18,366,817,81.7,'CARD'),
    (250,3,264,657,65.7,'CASH');
INSERT INTO INVOICE VALUES
    (251,47,228,541,54.1,'CARD'),
    (252,94,138,410,41,'CASH'),
    (253,33,415,905,90.5,'CARD'),
    (254,37,380,817,81.7,'CASH'),
    (255,71,182,320,32,'CARD'),
    (256,81,401,221,22.1,'CASH'),
    (257,64,405,897,89.7,'CARD'),
    (258,70,11,830,83,'CASH'),
    (259,93,294,285,28.5,'CARD'),
    (260,12,112,357,35.7,'CASH'),
    (261,53,119,345,34.5,'CARD'),
    (262,21,100,288,28.8,'CASH'),
    (263,13,474,217,21.7,'CARD'),
    (264,98,430,137,13.7,'CASH'),
    (265,43,450,501,50.1,'CARD'),
    (266,6,308,853,85.3,'CASH'),
    (267,87,493,981,98.1,'CARD'),
    (268,76,63,926,92.6,'CASH'),
    (269,49,75,209,20.9,'CARD'),
    (270,4,238,496,49.6,'CASH'),
    (271,54,200,550,55,'CARD'),
    (272,59,149,921,92.1,'CASH'),
    (273,85,473,241,24.1,'CARD'),
    (274,78,409,565,56.5,'CASH'),
    (275,9,303,612,61.2,'CARD'),
    (276,31,234,728,72.8,'CASH'),
    (277,74,147,300,30,'CARD'),
    (278,36,315,447,44.7,'CASH'),
    (279,57,168,680,68,'CARD'),
    (280,92,317,213,21.3,'CASH'),
    (281,24,384,333,33.3,'CARD'),
    (282,26,370,969,96.9,'CASH'),
    (283,45,469,734,73.4,'CARD'),
    (284,56,410,549,54.9,'CASH'),
    (285,75,153,331,33.1,'CARD'),
    (286,52,140,333,33.3,'CASH'),
    (287,67,137,852,85.2,'CARD'),
    (288,90,163,785,78.5,'CASH'),
    (289,68,18,108,10.8,'CARD'),
    (290,60,312,920,92,'CASH'),
    (291,91,343,377,37.7,'CARD'),
    (292,23,385,724,72.4,'CASH'),
    (293,46,123,907,90.7,'CARD'),
    (294,96,330,110,11,'CASH'),
    (295,5,265,460,46,'CARD'),
    (296,29,281,739,73.9,'CASH'),
    (297,8,175,322,32.2,'CARD'),
    (298,2,428,382,38.2,'CASH'),
    (299,82,65,836,83.6,'CARD'),
    (300,77,9,367,36.7,'CASH'),
    (301,21,86,972,97.2,'CARD'),
    (302,73,324,583,58.3,'CASH'),
    (303,49,355,678,67.8,'CARD'),
    (304,14,166,294,29.4,'CASH'),
    (305,50,336,641,64.1,'CARD'),
    (306,64,290,803,80.3,'CASH'),
    (307,78,493,890,89,'CARD'),
    (308,2,32,555,55.5,'CASH'),
    (309,40,278,179,17.9,'CARD'),
    (310,31,205,536,53.6,'CASH'),
    (311,54,188,244,24.4,'CARD'),
    (312,72,130,460,46,'CASH'),
    (313,91,396,828,82.8,'CARD'),
    (314,39,132,552,55.2,'CASH'),
    (315,89,468,346,34.6,'CARD'),
    (316,20,136,370,37,'CASH'),
    (317,11,338,882,88.2,'CARD'),
    (318,58,499,490,49,'CASH'),
    (319,76,310,507,50.7,'CARD'),
    (320,59,89,671,67.1,'CASH'),
    (321,4,106,781,78.1,'CARD'),
    (322,86,482,274,27.4,'CASH'),
    (323,34,421,182,18.2,'CARD'),
    (324,25,147,827,82.7,'CASH'),
    (325,100,198,720,72,'CARD'),
    (326,63,377,200,20,'CASH'),
    (327,26,249,586,58.6,'CARD'),
    (328,15,65,701,70.1,'CASH'),
    (329,97,160,109,10.9,'CARD'),
    (330,67,208,262,26.2,'CASH'),
    (331,35,99,988,98.8,'CARD'),
    (332,79,111,338,33.8,'CASH'),
    (333,94,357,512,51.2,'CARD'),
    (334,96,69,243,24.3,'CASH'),
    (335,85,212,332,33.2,'CARD'),
    (336,24,414,535,53.5,'CASH'),
    (337,48,37,519,51.9,'CARD'),
    (338,99,488,389,38.9,'CASH'),
    (339,47,51,990,99,'CARD'),
    (340,18,260,408,40.8,'CASH'),
    (341,95,218,985,98.5,'CARD'),
    (342,30,140,309,30.9,'CASH'),
    (343,32,437,787,78.7,'CARD'),
    (344,93,439,985,98.5,'CASH'),
    (345,90,293,844,84.4,'CARD'),
    (346,74,346,315,31.5,'CASH'),
    (347,23,203,435,43.5,'CARD'),
    (348,28,165,159,15.9,'CASH'),
    (349,7,407,618,61.8,'CARD'),
    (350,81,475,567,56.7,'CASH'),
    (351,88,252,204,20.4,'CARD'),
    (352,35,415,773,77.3,'CASH'),
    (353,42,296,182,18.2,'CARD'),
    (354,67,400,168,16.8,'CASH'),
    (355,46,305,318,31.8,'CARD'),
    (356,95,121,802,80.2,'CASH'),
    (357,76,235,628,62.8,'CARD'),
    (358,33,486,932,93.2,'CASH'),
    (359,8,62,703,70.3,'CARD'),
    (360,3,385,362,36.2,'CASH'),
    (361,29,331,895,89.5,'CARD'),
    (362,55,273,712,71.2,'CASH'),
    (363,66,173,454,45.4,'CARD'),
    (364,98,283,326,32.6,'CASH'),
    (365,94,397,936,93.6,'CARD'),
    (366,90,402,712,71.2,'CASH'),
    (367,9,68,762,76.2,'CARD'),
    (368,81,61,514,51.4,'CASH'),
    (369,30,111,861,86.1,'CARD'),
    (370,36,8,605,60.5,'CASH'),
    (371,84,19,238,23.8,'CARD'),
    (372,22,191,112,11.2,'CASH'),
    (373,5,125,749,74.9,'CARD'),
    (374,61,461,268,26.8,'CASH'),
    (375,68,272,253,25.3,'CARD'),
    (376,56,401,241,24.1,'CASH'),
    (377,57,324,903,90.3,'CARD'),
    (378,31,380,607,60.7,'CASH'),
    (379,17,275,598,59.8,'CARD'),
    (380,47,450,466,46.6,'CASH'),
    (381,53,453,818,81.8,'CARD'),
    (382,83,78,993,99.3,'CASH'),
    (383,12,335,334,33.4,'CARD'),
    (384,77,381,933,93.3,'CASH'),
    (385,20,225,139,13.9,'CARD'),
    (386,73,129,260,26,'CASH'),
    (387,60,21,291,29.1,'CARD'),
    (388,40,364,182,18.2,'CASH'),
    (389,51,250,528,52.8,'CARD'),
    (390,39,287,314,31.4,'CASH'),
    (391,63,350,376,37.6,'CARD'),
    (392,2,192,253,25.3,'CASH'),
    (393,38,158,386,38.6,'CARD'),
    (394,91,442,205,20.5,'CASH'),
    (395,34,168,408,40.8,'CARD'),
    (396,74,455,149,14.9,'CASH'),
    (397,7,259,711,71.1,'CARD'),
    (398,54,188,152,15.2,'CASH'),
    (399,97,476,915,91.5,'CARD'),
    (400,96,473,441,44.1,'CASH'),
    (401,67,3,302,30.2,'CARD'),
    (402,86,297,110,11,'CASH'),
    (403,15,299,846,84.6,'CARD'),
    (404,73,183,539,53.9,'CASH'),
    (405,78,484,961,96.1,'CARD'),
    (406,69,28,843,84.3,'CASH'),
    (407,11,97,455,45.5,'CARD'),
    (408,62,181,638,63.8,'CASH'),
    (409,84,468,468,46.8,'CARD'),
    (410,8,362,611,61.1,'CASH'),
    (411,7,48,919,91.9,'CARD'),
    (412,45,123,509,50.9,'CASH'),
    (413,28,359,355,35.5,'CARD'),
    (414,19,337,934,93.4,'CASH'),
    (415,36,52,775,77.5,'CARD'),
    (416,54,306,749,74.9,'CASH'),
    (417,87,307,575,57.5,'CARD'),
    (418,33,267,907,90.7,'CASH'),
    (419,13,60,412,41.2,'CARD'),
    (420,99,138,767,76.7,'CASH'),
    (421,1,401,893,89.3,'CARD'),
    (422,52,320,887,88.7,'CASH'),
    (423,44,137,567,56.7,'CARD'),
    (424,30,16,231,23.1,'CASH'),
    (425,58,469,151,15.1,'CARD'),
    (426,18,276,534,53.4,'CASH'),
    (427,98,281,834,83.4,'CARD'),
    (428,12,211,781,78.1,'CASH'),
    (429,100,492,775,77.5,'CARD'),
    (430,55,193,748,74.8,'CASH'),
    (431,81,190,795,79.5,'CARD'),
    (432,6,449,941,94.1,'CASH'),
    (433,59,38,658,65.8,'CARD'),
    (434,60,210,192,19.2,'CASH'),
    (435,14,329,618,61.8,'CARD'),
    (436,22,433,229,22.9,'CASH'),
    (437,57,405,133,13.3,'CARD'),
    (438,70,7,122,12.2,'CASH'),
    (439,24,298,326,32.6,'CARD'),
    (440,37,110,706,70.6,'CASH'),
    (441,75,122,146,14.6,'CARD'),
    (442,53,9,322,32.2,'CASH'),
    (443,85,486,155,15.5,'CARD'),
    (444,47,447,165,16.5,'CASH'),
    (445,65,363,886,88.6,'CARD'),
    (446,56,256,361,36.1,'CASH'),
    (447,90,6,355,35.5,'CARD'),
    (448,16,354,543,54.3,'CASH'),
    (449,68,360,754,75.4,'CARD'),
    (450,20,59,683,68.3,'CASH'),
    (451,96,176,655,65.5,'CARD'),
    (452,68,135,103,10.3,'CASH'),
    (453,72,207,627,62.7,'CARD'),
    (454,74,422,337,33.7,'CASH'),
    (455,46,373,267,26.7,'CARD'),
    (456,50,74,951,95.1,'CASH'),
    (457,54,65,709,70.9,'CARD'),
    (458,78,290,841,84.1,'CASH'),
    (459,24,234,940,94,'CARD'),
    (460,33,39,544,54.4,'CASH'),
    (461,17,276,638,63.8,'CARD'),
    (462,21,4,556,55.6,'CASH'),
    (463,84,369,761,76.1,'CARD'),
    (464,79,254,263,26.3,'CASH'),
    (465,32,231,469,46.9,'CARD'),
    (466,14,75,919,91.9,'CASH'),
    (467,60,398,576,57.6,'CARD'),
    (468,65,380,118,11.8,'CASH'),
    (469,97,7,343,34.3,'CARD'),
    (470,73,311,611,61.1,'CASH'),
    (471,58,47,219,21.9,'CARD'),
    (472,13,453,660,66,'CASH'),
    (473,35,82,710,71,'CARD'),
    (474,98,95,490,49,'CASH'),
    (475,93,13,897,89.7,'CARD'),
    (476,6,179,423,42.3,'CASH'),
    (477,30,20,891,89.1,'CARD'),
    (478,18,122,839,83.9,'CASH'),
    (479,36,288,923,92.3,'CARD'),
    (480,42,337,589,58.9,'CASH'),
    (481,75,322,120,12,'CARD'),
    (482,49,50,611,61.1,'CASH'),
    (483,27,402,812,81.2,'CARD'),
    (484,77,493,988,98.8,'CASH'),
    (485,70,215,910,91,'CARD'),
    (486,15,271,913,91.3,'CASH'),
    (487,82,267,158,15.8,'CARD'),
    (488,81,161,435,43.5,'CASH'),
    (489,88,240,786,78.6,'CARD'),
    (490,62,80,489,48.9,'CASH'),
    (491,16,66,238,23.8,'CARD'),
    (492,55,295,291,29.1,'CASH'),
    (493,45,170,806,80.6,'CARD'),
    (494,29,296,844,84.4,'CASH'),
    (495,69,381,238,23.8,'CARD'),
    (496,2,275,386,38.6,'CASH'),
    (497,9,194,417,41.7,'CARD'),
    (498,83,245,631,63.1,'CASH'),
    (499,3,159,991,99.1,'CARD'),
    (500,67,355,554,55.4,'CASH');
INSERT INTO INVOICE VALUES
    (501,53,105,684,68.4,'CARD'),
    (502,32,23,837,83.7,'CASH'),
    (503,19,84,915,91.5,'CARD'),
    (504,51,244,160,16,'CASH'),
    (505,46,322,341,34.1,'CARD'),
    (506,62,188,529,52.9,'CASH'),
    (507,63,138,620,62,'CARD'),
    (508,94,449,666,66.6,'CASH'),
    (509,2,25,952,95.2,'CARD'),
    (510,20,489,244,24.4,'CASH'),
    (511,65,11,746,74.6,'CARD'),
    (512,58,73,983,98.3,'CASH'),
    (513,3,35,836,83.6,'CARD'),
    (514,82,250,539,53.9,'CASH'),
    (515,31,211,823,82.3,'CARD'),
    (516,23,193,800,80,'CASH'),
    (517,10,164,867,86.7,'CARD'),
    (518,92,340,914,91.4,'CASH'),
    (519,54,309,594,59.4,'CARD'),
    (520,5,329,235,23.5,'CASH'),
    (521,25,197,539,53.9,'CARD'),
    (522,4,285,133,13.3,'CASH'),
    (523,37,433,188,18.8,'CARD'),
    (524,56,245,584,58.4,'CASH'),
    (525,64,253,985,98.5,'CARD'),
    (526,73,357,432,43.2,'CASH'),
    (527,50,420,728,72.8,'CARD'),
    (528,6,497,219,21.9,'CASH'),
    (529,49,375,476,47.6,'CARD'),
    (530,12,52,821,82.1,'CASH'),
    (531,79,237,165,16.5,'CARD'),
    (532,91,98,378,37.8,'CASH'),
    (533,76,71,892,89.2,'CARD'),
    (534,75,298,794,79.4,'CASH'),
    (535,96,361,487,48.7,'CARD'),
    (536,83,428,623,62.3,'CASH'),
    (537,18,296,935,93.5,'CARD'),
    (538,81,254,416,41.6,'CASH'),
    (539,27,65,859,85.9,'CARD'),
    (540,61,206,816,81.6,'CASH'),
    (541,21,346,145,14.5,'CARD'),
    (542,59,498,843,84.3,'CASH'),
    (543,57,239,202,20.2,'CARD'),
    (544,90,236,862,86.2,'CASH'),
    (545,78,232,491,49.1,'CARD'),
    (546,39,183,731,73.1,'CASH'),
    (547,88,307,643,64.3,'CARD'),
    (548,9,324,557,55.7,'CASH'),
    (549,34,234,304,30.4,'CARD'),
    (550,36,96,193,19.3,'CASH'),
    (551,73,127,856,85.6,'CARD'),
    (552,87,337,486,48.6,'CASH'),
    (553,46,367,821,82.1,'CARD'),
    (554,41,328,742,74.2,'CASH'),
    (555,81,107,440,44,'CARD'),
    (556,94,348,962,96.2,'CASH'),
    (557,4,243,565,56.5,'CARD'),
    (558,20,218,149,14.9,'CASH'),
    (559,63,24,976,97.6,'CARD'),
    (560,40,351,697,69.7,'CASH'),
    (561,76,67,669,66.9,'CARD'),
    (562,18,233,756,75.6,'CASH'),
    (563,26,229,155,15.5,'CARD'),
    (564,97,109,699,69.9,'CASH'),
    (565,54,240,570,57,'CARD'),
    (566,15,397,934,93.4,'CASH'),
    (567,57,187,307,30.7,'CARD'),
    (568,95,161,965,96.5,'CASH'),
    (569,32,35,338,33.8,'CARD'),
    (570,96,440,208,20.8,'CASH'),
    (571,79,176,490,49,'CARD'),
    (572,5,122,331,33.1,'CASH'),
    (573,14,168,695,69.5,'CARD'),
    (574,100,205,810,81,'CASH'),
    (575,98,57,466,46.6,'CARD'),
    (576,13,410,311,31.1,'CASH'),
    (577,70,2,877,87.7,'CARD'),
    (578,45,441,980,98,'CASH'),
    (579,12,470,167,16.7,'CARD'),
    (580,28,472,313,31.3,'CASH'),
    (581,9,377,323,32.3,'CARD'),
    (582,3,69,265,26.5,'CASH'),
    (583,69,359,909,90.9,'CARD'),
    (584,34,226,709,70.9,'CASH'),
    (585,25,124,661,66.1,'CARD'),
    (586,52,343,402,40.2,'CASH'),
    (587,99,14,877,87.7,'CARD'),
    (588,43,49,651,65.1,'CASH'),
    (589,23,178,481,48.1,'CARD'),
    (590,19,209,331,33.1,'CASH'),
    (591,21,180,296,29.6,'CARD'),
    (592,42,4,730,73,'CASH'),
    (593,65,425,105,10.5,'CARD'),
    (594,7,77,772,77.2,'CASH'),
    (595,88,431,893,89.3,'CARD'),
    (596,29,11,436,43.6,'CASH'),
    (597,22,340,377,37.7,'CARD'),
    (598,66,363,383,38.3,'CASH'),
    (599,33,458,252,25.2,'CARD'),
    (600,85,130,631,63.1,'CASH'),
    (601,34,358,136,13.6,'CARD'),
    (602,96,348,774,77.4,'CASH'),
    (603,89,107,897,89.7,'CARD'),
    (604,91,55,586,58.6,'CASH'),
    (605,82,150,387,38.7,'CARD'),
    (606,87,47,848,84.8,'CASH'),
    (607,11,204,593,59.3,'CARD'),
    (608,16,439,902,90.2,'CASH'),
    (609,54,27,415,41.5,'CARD'),
    (610,19,127,497,49.7,'CASH'),
    (611,8,155,551,55.1,'CARD'),
    (612,27,245,742,74.2,'CASH'),
    (613,85,233,395,39.5,'CARD'),
    (614,66,455,950,95,'CASH'),
    (615,28,434,470,47,'CARD'),
    (616,5,42,988,98.8,'CASH'),
    (617,52,274,271,27.1,'CARD'),
    (618,55,251,983,98.3,'CASH'),
    (619,93,89,782,78.2,'CARD'),
    (620,99,76,582,58.2,'CASH'),
    (621,3,433,257,25.7,'CARD'),
    (622,35,317,433,43.3,'CASH'),
    (623,45,131,604,60.4,'CARD'),
    (624,4,185,597,59.7,'CASH'),
    (625,84,500,619,61.9,'CARD'),
    (626,1,14,750,75,'CASH'),
    (627,44,200,686,68.6,'CARD'),
    (628,12,391,335,33.5,'CASH'),
    (629,2,99,668,66.8,'CARD'),
    (630,67,299,535,53.5,'CASH'),
    (631,58,300,280,28,'CARD'),
    (632,32,261,196,19.6,'CASH'),
    (633,56,354,332,33.2,'CARD'),
    (634,76,24,463,46.3,'CASH'),
    (635,14,184,668,66.8,'CARD'),
    (636,7,356,981,98.1,'CASH'),
    (637,24,497,485,48.5,'CARD'),
    (638,79,295,641,64.1,'CASH'),
    (639,63,477,631,63.1,'CARD'),
    (640,18,219,542,54.2,'CASH'),
    (641,61,75,274,27.4,'CARD'),
    (642,73,196,545,54.5,'CASH'),
    (643,6,301,513,51.3,'CARD'),
    (644,64,460,208,20.8,'CASH'),
    (645,41,377,380,38,'CARD'),
    (646,20,476,550,55,'CASH'),
    (647,49,235,681,68.1,'CARD'),
    (648,62,241,306,30.6,'CASH'),
    (649,53,125,917,91.7,'CARD'),
    (650,72,50,483,48.3,'CASH'),
    (651,62,428,614,61.4,'CARD'),
    (652,83,14,274,27.4,'CASH'),
    (653,95,65,521,52.1,'CARD'),
    (654,71,246,867,86.7,'CASH'),
    (655,22,32,386,38.6,'CARD'),
    (656,44,101,539,53.9,'CASH'),
    (657,70,44,208,20.8,'CARD'),
    (658,14,188,399,39.9,'CASH'),
    (659,82,262,683,68.3,'CARD'),
    (660,25,141,864,86.4,'CASH'),
    (661,79,170,326,32.6,'CARD'),
    (662,46,64,501,50.1,'CASH'),
    (663,77,336,138,13.8,'CARD'),
    (664,6,148,597,59.7,'CASH'),
    (665,54,142,926,92.6,'CARD'),
    (666,74,166,657,65.7,'CASH'),
    (667,28,10,438,43.8,'CARD'),
    (668,75,28,323,32.3,'CASH'),
    (669,26,482,381,38.1,'CARD'),
    (670,85,299,455,45.5,'CASH'),
    (671,97,162,662,66.2,'CARD'),
    (672,19,392,523,52.3,'CASH'),
    (673,5,349,365,36.5,'CARD'),
    (674,39,487,243,24.3,'CASH'),
    (675,92,485,256,25.6,'CARD'),
    (676,86,405,820,82,'CASH'),
    (677,55,387,716,71.6,'CARD'),
    (678,73,249,507,50.7,'CASH'),
    (679,33,248,584,58.4,'CARD'),
    (680,45,240,327,32.7,'CASH'),
    (681,20,140,286,28.6,'CARD'),
    (682,35,411,903,90.3,'CASH'),
    (683,69,498,827,82.7,'CARD'),
    (684,1,77,517,51.7,'CASH'),
    (685,11,212,567,56.7,'CARD'),
    (686,36,82,356,35.6,'CASH'),
    (687,49,293,613,61.3,'CARD'),
    (688,93,494,601,60.1,'CASH'),
    (689,84,53,981,98.1,'CARD'),
    (690,100,464,317,31.7,'CASH'),
    (691,15,292,191,19.1,'CARD'),
    (692,64,168,578,57.8,'CASH'),
    (693,81,116,908,90.8,'CARD'),
    (694,48,309,677,67.7,'CASH'),
    (695,17,226,887,88.7,'CARD'),
    (696,59,329,939,93.9,'CASH'),
    (697,29,70,710,71,'CARD'),
    (698,90,46,433,43.3,'CASH'),
    (699,89,319,442,44.2,'CARD'),
    (700,37,99,799,79.9,'CASH'),
    (701,97,334,480,48,'CARD'),
    (702,33,393,570,57,'CASH'),
    (703,79,223,995,99.5,'CARD'),
    (704,82,496,859,85.9,'CASH'),
    (705,99,491,870,87,'CARD'),
    (706,86,400,113,11.3,'CASH'),
    (707,49,341,831,83.1,'CARD'),
    (708,28,69,205,20.5,'CASH'),
    (709,83,339,542,54.2,'CARD'),
    (710,58,102,615,61.5,'CASH'),
    (711,26,156,969,96.9,'CARD'),
    (712,36,258,540,54,'CASH'),
    (713,98,80,155,15.5,'CARD'),
    (714,60,175,337,33.7,'CASH'),
    (715,90,41,527,52.7,'CARD'),
    (716,17,354,889,88.9,'CASH'),
    (717,20,184,207,20.7,'CARD'),
    (718,70,464,744,74.4,'CASH'),
    (719,80,200,679,67.9,'CARD'),
    (720,91,293,531,53.1,'CASH'),
    (721,41,453,555,55.5,'CARD'),
    (722,74,60,868,86.8,'CASH'),
    (723,48,12,470,47,'CARD'),
    (724,46,441,770,77,'CASH'),
    (725,32,320,284,28.4,'CARD'),
    (726,24,240,295,29.5,'CASH'),
    (727,39,162,909,90.9,'CARD'),
    (728,4,23,830,83,'CASH'),
    (729,63,34,714,71.4,'CARD'),
    (730,35,484,723,72.3,'CASH'),
    (731,61,343,702,70.2,'CARD'),
    (732,92,482,982,98.2,'CASH'),
    (733,15,52,865,86.5,'CARD'),
    (734,62,497,764,76.4,'CASH'),
    (735,55,24,844,84.4,'CARD'),
    (736,47,220,194,19.4,'CASH'),
    (737,94,468,231,23.1,'CARD'),
    (738,95,247,714,71.4,'CASH'),
    (739,11,67,724,72.4,'CARD'),
    (740,100,209,171,17.1,'CASH'),
    (741,84,109,245,24.5,'CARD'),
    (742,71,166,789,78.9,'CASH'),
    (743,13,113,677,67.7,'CARD'),
    (744,50,445,372,37.2,'CASH'),
    (745,21,179,591,59.1,'CARD'),
    (746,57,6,643,64.3,'CASH'),
    (747,65,79,347,34.7,'CARD'),
    (748,12,309,631,63.1,'CASH'),
    (749,25,474,575,57.5,'CARD'),
    (750,77,419,855,85.5,'CASH');
INSERT INTO INVOICE VALUES
    (751,91,330,552,55.2,'CARD'),
    (752,85,399,160,16,'CASH'),
    (753,5,115,418,41.8,'CARD'),
    (754,47,411,376,37.6,'CASH'),
    (755,42,59,527,52.7,'CARD'),
    (756,32,100,811,81.1,'CASH'),
    (757,74,229,837,83.7,'CARD'),
    (758,93,428,337,33.7,'CASH'),
    (759,2,321,348,34.8,'CARD'),
    (760,72,395,644,64.4,'CASH'),
    (761,19,94,126,12.6,'CARD'),
    (762,80,157,619,61.9,'CASH'),
    (763,56,331,930,93,'CARD'),
    (764,84,92,474,47.4,'CASH'),
    (765,23,329,287,28.7,'CARD'),
    (766,26,364,722,72.2,'CASH'),
    (767,55,26,983,98.3,'CARD'),
    (768,46,185,916,91.6,'CASH'),
    (769,92,43,986,98.6,'CARD'),
    (770,14,135,868,86.8,'CASH'),
    (771,21,320,837,83.7,'CARD'),
    (772,52,248,505,50.5,'CASH'),
    (773,98,82,263,26.3,'CARD'),
    (774,24,358,624,62.4,'CASH'),
    (775,39,269,631,63.1,'CARD'),
    (776,65,111,992,99.2,'CASH'),
    (777,97,451,706,70.6,'CARD'),
    (778,75,140,336,33.6,'CASH'),
    (779,86,284,308,30.8,'CARD'),
    (780,13,96,594,59.4,'CASH'),
    (781,8,220,280,28,'CARD'),
    (782,1,381,912,91.2,'CASH'),
    (783,67,359,379,37.9,'CARD'),
    (784,95,449,952,95.2,'CASH'),
    (785,15,74,264,26.4,'CARD'),
    (786,50,237,773,77.3,'CASH'),
    (787,11,421,807,80.7,'CARD'),
    (788,36,289,735,73.5,'CASH'),
    (789,7,91,393,39.3,'CARD'),
    (790,63,218,348,34.8,'CASH'),
    (791,17,171,850,85,'CARD'),
    (792,44,454,306,30.6,'CASH'),
    (793,45,491,137,13.7,'CARD'),
    (794,9,158,483,48.3,'CASH'),
    (795,37,299,758,75.8,'CARD'),
    (796,25,73,659,65.9,'CASH'),
    (797,4,106,258,25.8,'CARD'),
    (798,41,81,698,69.8,'CASH'),
    (799,31,369,930,93,'CARD'),
    (800,30,234,801,80.1,'CASH'),
    (801,61,344,840,84,'CARD'),
    (802,47,456,533,53.3,'CASH'),
    (803,64,325,368,36.8,'CARD'),
    (804,76,257,963,96.3,'CASH'),
    (805,71,148,780,78,'CARD'),
    (806,91,89,310,31,'CASH'),
    (807,2,125,618,61.8,'CARD'),
    (808,30,268,774,77.4,'CASH'),
    (809,78,353,709,70.9,'CARD'),
    (810,100,324,755,75.5,'CASH'),
    (811,16,307,166,16.6,'CARD'),
    (812,56,384,239,23.9,'CASH'),
    (813,24,423,308,30.8,'CARD'),
    (814,6,217,466,46.6,'CASH'),
    (815,42,213,706,70.6,'CARD'),
    (816,74,296,541,54.1,'CASH'),
    (817,25,38,759,75.9,'CARD'),
    (818,38,149,301,30.1,'CASH'),
    (819,3,240,423,42.3,'CARD'),
    (820,77,101,522,52.2,'CASH'),
    (821,1,6,657,65.7,'CARD'),
    (822,52,19,694,69.4,'CASH'),
    (823,49,305,551,55.1,'CARD'),
    (824,11,45,273,27.3,'CASH'),
    (825,67,494,771,77.1,'CARD'),
    (826,66,357,839,83.9,'CASH'),
    (827,85,195,251,25.1,'CARD'),
    (828,20,355,375,37.5,'CASH'),
    (829,9,263,131,13.1,'CARD'),
    (830,7,1,282,28.2,'CASH'),
    (831,89,393,734,73.4,'CARD'),
    (832,63,104,699,69.9,'CASH'),
    (833,94,364,205,20.5,'CARD'),
    (834,65,242,148,14.8,'CASH'),
    (835,41,138,845,84.5,'CARD'),
    (836,62,429,410,41,'CASH'),
    (837,58,329,359,35.9,'CARD'),
    (838,54,400,645,64.5,'CASH'),
    (839,33,162,797,79.7,'CARD'),
    (840,99,309,866,86.6,'CASH'),
    (841,44,498,518,51.8,'CARD'),
    (842,32,345,372,37.2,'CASH'),
    (843,53,246,101,10.1,'CARD'),
    (844,8,313,627,62.7,'CASH'),
    (845,51,299,251,25.1,'CARD'),
    (846,79,396,274,27.4,'CASH'),
    (847,96,438,109,10.9,'CARD'),
    (848,50,471,486,48.6,'CASH'),
    (849,93,123,775,77.5,'CARD'),
    (850,55,107,533,53.3,'CASH'),
    (851,78,371,310,31,'CARD'),
    (852,81,222,853,85.3,'CASH'),
    (853,58,170,706,70.6,'CARD'),
    (854,16,132,145,14.5,'CASH'),
    (855,52,239,872,87.2,'CARD'),
    (856,17,420,120,12,'CASH'),
    (857,47,208,275,27.5,'CARD'),
    (858,4,20,684,68.4,'CASH'),
    (859,24,86,984,98.4,'CARD'),
    (860,18,411,384,38.4,'CASH'),
    (861,63,284,889,88.9,'CARD'),
    (862,86,181,885,88.5,'CASH'),
    (863,43,485,689,68.9,'CARD'),
    (864,98,258,950,95,'CASH'),
    (865,26,225,296,29.6,'CARD'),
    (866,2,75,395,39.5,'CASH'),
    (867,93,324,681,68.1,'CARD'),
    (868,79,355,431,43.1,'CASH'),
    (869,77,461,324,32.4,'CARD'),
    (870,19,84,145,14.5,'CASH'),
    (871,62,188,627,62.7,'CARD'),
    (872,92,228,155,15.5,'CASH'),
    (873,12,448,360,36,'CARD'),
    (874,3,427,599,59.9,'CASH'),
    (875,29,219,622,62.2,'CARD'),
    (876,73,343,668,66.8,'CASH'),
    (877,60,49,536,53.6,'CARD'),
    (878,45,198,187,18.7,'CASH'),
    (879,34,245,803,80.3,'CARD'),
    (880,8,328,157,15.7,'CASH'),
    (881,71,462,734,73.4,'CARD'),
    (882,100,424,445,44.5,'CASH'),
    (883,64,365,437,43.7,'CARD'),
    (884,42,413,287,28.7,'CASH'),
    (885,32,149,295,29.5,'CARD'),
    (886,66,391,444,44.4,'CASH'),
    (887,83,469,828,82.8,'CARD'),
    (888,55,392,669,66.9,'CASH'),
    (889,95,176,715,71.5,'CARD'),
    (890,44,368,462,46.2,'CASH'),
    (891,50,63,264,26.4,'CARD'),
    (892,1,415,820,82,'CASH'),
    (893,6,455,191,19.1,'CARD'),
    (894,88,191,239,23.9,'CASH'),
    (895,10,227,635,63.5,'CARD'),
    (896,31,452,755,75.5,'CASH'),
    (897,25,207,464,46.4,'CARD'),
    (898,84,320,268,26.8,'CASH'),
    (899,23,465,333,33.3,'CARD'),
    (900,56,82,238,23.8,'CASH'),
    (901,48,419,689,68.9,'CARD'),
    (902,8,53,492,49.2,'CASH'),
    (903,84,57,201,20.1,'CARD'),
    (904,58,253,838,83.8,'CASH'),
    (905,73,41,460,46,'CARD'),
    (906,60,56,354,35.4,'CASH'),
    (907,51,77,520,52,'CARD'),
    (908,72,11,448,44.8,'CASH'),
    (909,62,158,605,60.5,'CARD'),
    (910,97,60,248,24.8,'CASH'),
    (911,75,458,498,49.8,'CARD'),
    (912,13,294,925,92.5,'CASH'),
    (913,70,482,881,88.1,'CARD'),
    (914,12,171,531,53.1,'CASH'),
    (915,77,395,992,99.2,'CARD'),
    (916,61,161,632,63.2,'CASH'),
    (917,38,255,428,42.8,'CARD'),
    (918,15,365,945,94.5,'CASH'),
    (919,19,318,691,69.1,'CARD'),
    (920,52,373,182,18.2,'CASH'),
    (921,4,28,798,79.8,'CARD'),
    (922,20,65,860,86,'CASH'),
    (923,81,293,893,89.3,'CARD'),
    (924,35,229,342,34.2,'CASH'),
    (925,66,115,615,61.5,'CARD'),
    (926,68,485,852,85.2,'CASH'),
    (927,65,163,793,79.3,'CARD'),
    (928,82,131,776,77.6,'CASH'),
    (929,89,409,861,86.1,'CARD'),
    (930,42,313,749,74.9,'CASH'),
    (931,85,319,844,84.4,'CARD'),
    (932,45,1,327,32.7,'CASH'),
    (933,88,336,366,36.6,'CARD'),
    (934,30,70,212,21.2,'CASH'),
    (935,21,404,347,34.7,'CARD'),
    (936,24,192,875,87.5,'CASH'),
    (937,50,269,747,74.7,'CARD'),
    (938,5,397,568,56.8,'CASH'),
    (939,55,266,524,52.4,'CARD'),
    (940,99,496,497,49.7,'CASH'),
    (941,90,460,943,94.3,'CARD'),
    (942,78,352,854,85.4,'CASH'),
    (943,41,33,625,62.5,'CARD'),
    (944,71,418,652,65.2,'CASH'),
    (945,79,194,519,51.9,'CARD'),
    (946,44,246,447,44.7,'CASH'),
    (947,2,177,141,14.1,'CARD'),
    (948,59,303,284,28.4,'CASH'),
    (949,57,340,310,31,'CARD'),
    (950,23,442,481,48.1,'CASH'),
    (951,22,389,597,59.7,'CARD'),
    (952,65,75,383,38.3,'CASH'),
    (953,38,210,656,65.6,'CARD'),
    (954,51,49,321,32.1,'CASH'),
    (955,89,365,624,62.4,'CARD'),
    (956,31,460,867,86.7,'CASH'),
    (957,6,498,646,64.6,'CARD'),
    (958,30,281,502,50.2,'CASH'),
    (959,1,464,763,76.3,'CARD'),
    (960,80,432,471,47.1,'CASH'),
    (961,53,98,572,57.2,'CARD'),
    (962,9,480,405,40.5,'CASH'),
    (963,52,387,383,38.3,'CARD'),
    (964,42,475,199,19.9,'CASH'),
    (965,83,35,936,93.6,'CARD'),
    (966,48,453,227,22.7,'CASH'),
    (967,70,355,513,51.3,'CARD'),
    (968,5,322,190,19,'CASH'),
    (969,76,354,243,24.3,'CARD'),
    (970,81,168,465,46.5,'CASH'),
    (971,55,253,410,41,'CARD'),
    (972,90,296,534,53.4,'CASH'),
    (973,39,415,809,80.9,'CARD'),
    (974,77,278,403,40.3,'CASH'),
    (975,15,403,720,72,'CARD'),
    (976,26,2,668,66.8,'CASH'),
    (977,7,459,156,15.6,'CARD'),
    (978,82,351,893,89.3,'CASH'),
    (979,47,489,761,76.1,'CARD'),
    (980,8,348,523,52.3,'CASH'),
    (981,12,470,151,15.1,'CARD'),
    (982,54,363,376,37.6,'CASH'),
    (983,98,219,216,21.6,'CARD'),
    (984,16,146,557,55.7,'CASH'),
    (985,87,445,478,47.8,'CARD'),
    (986,91,206,116,11.6,'CASH'),
    (987,18,423,631,63.1,'CARD'),
    (988,11,1,344,34.4,'CASH'),
    (989,25,15,525,52.5,'CARD'),
    (990,46,45,553,55.3,'CASH'),
    (991,40,14,244,24.4,'CARD'),
    (992,68,361,534,53.4,'CASH'),
    (993,29,231,138,13.8,'CARD'),
    (994,41,430,273,27.3,'CASH'),
    (995,50,287,377,37.7,'CARD'),
    (996,58,79,152,15.2,'CASH'),
    (997,67,126,388,38.8,'CARD'),
    (998,17,197,553,55.3,'CASH'),
    (999,72,63,501,50.1,'CARD'),
    (1000,62,162,470,47,'CASH');
    SELECT * FROM INVOICE;
    

#write a query to return category id for products which has more number of products belong to a category and number of products belonging.
select category_id,count(category_id) count from product p group by CATEGORY_ID order by count desc limit 1;

#write a query to return all the manager names and their first names
select s.manager_id,e.firstname from employee e join store s on e.EMPLOYEE_ID=s.MANAGER_ID;

#write a query to return all employee names whose first names have letter a and c.
select firstname from employee where FirstName like '%a%c%' or FirstName like '%c%a%';

#write a query to return 4th highest salary of employee and name of the employee
select salary,FirstName from employee order by salary desc limit 3,1;

#write a query to return store id and name with maximum number of employees.
select e.store_id, s.store_name,count(e.STORE_ID) count from store s, employee e where s.STORE_ID=e.store_id group by
 e.store_id order by count desc limit 1;
 
 #write a query to return the product id, product name and category it belongs to where the product is having maximum price
 #in that particular category. 
 select category_id, product_id, product_name, max(price) from product group by CATEGORY_ID;
 
 #write a query to know what are top 3 popular plans among the customers
 select c.plan_id, p.plan_name, count(c.plan_id) count from customer c, plan p where c.plan_id=p.plan_id group by 
 c.plan_id order by count desc limit 3;
 
 #write a query that returns the product names of all products with atleast 5 orders
 select p.product_name from product p where (select count(*) from order_items oi where p.PRODUCT_ID=oi.PRODUCT_ID
 group by oi.PRODUCT_ID)>=5;
 select * from store;
 #write a query that returns the employee name who has billed most invoices and number of invoices billed
 select e.STORE_ID,e.FirstName, count(i.employee_id) count from employee e, invoice i where i.EMPLOYEE_ID=e.EMPLOYEE_ID
 group by i.EMPLOYEE_ID order by count desc limit 1;
 
 select c.customer_id,c.customer_name,count(o.customer_id) as number_of_purchases from customer c, orders o where 
 o.CUSTOMER_ID=c.customer_id group by o.CUSTOMER_ID order by number_of_purchases desc limit 10;
 
 select count(o.customer_id) count from orders o group by o.CUSTOMER_ID order by count desc limit 10;
 
 SELECT E.STORE_ID,E.FIRSTNAME, COUNT(I.EMPLOYEE_ID) COUNT FROM EMPLOYEE E, INVOICE I WHERE I.EMPLOYEE_ID=E.EMPLOYEE_ID GROUP BY I.EMPLOYEE_ID ORDER BY COUNT DESC LIMIT 3; 
 
 #write a query to return maximum discount,plan name and promotion name a customer got with the help of prmotion_id of the plan he/she enrolled in.
 select p.PLAN_NAME,pr.PROMOTION_NAME,(i.TOTAL_AMOUNT * 0.01 * pr.discount_percentage) as max_discount from invoice i, orders o,customer c 
 ,plan p, promotions pr,plan_promotions pp where
 i.ORDER_ID=o.ORDER_ID and o.customer_ID=c.customer_ID and c.PLAN_ID=p.plan_id and p.plan_id=pp.PLAN_ID 
 and pp.PROMOTION_ID=pr.PROMOTION_ID order by max_discount desc limit 1;
 select monthname(order_date) from orders;
 select * from promotions;
 select month(order_date),count(order_id) c from orders group by month(order_date) order by c desc;
 select monthname(order_date) month,count(order_id) c from orders1 where year(ORDER_DATE)=2022 group by month(order_date) order by month(order_date);
 INSERT INTO ORDERS2 VALUES
    (1,'2021-02-15 00:00:00',102,14),
    (2,'2021-11-14 00:00:00',183,23),
    (3,'2020-08-05 00:00:00',116,38),
    (4,'2022-10-12 00:00:00',165,34),
    (5,'2021-11-20 00:00:00',243,13),
    (6,'2021-06-23 00:00:00',236,36),
    (7,'2020-04-02 00:00:00',172,40),
    (8,'2020-01-01 00:00:00',61,18),
    (9,'2020-03-06 00:00:00',166,12),
    (10,'2021-06-18 00:00:00',175,2),
    (11,'2021-05-24 00:00:00',152,22),
    (12,'2020-06-24 00:00:00',136,6),
    (13,'2019-12-16 00:00:00',104,30),
    (14,'2022-08-26 00:00:00',129,27),
    (15,'2021-03-18 00:00:00',234,21),
    (16,'2022-08-05 00:00:00',128,37),
    (17,'2020-06-04 00:00:00',7,8),
    (18,'2020-01-19 00:00:00',220,7),
    (19,'2021-05-31 00:00:00',58,4),
    (20,'2021-07-21 00:00:00',193,10),
    (21,'2020-10-07 00:00:00',33,25),
    (22,'2021-01-14 00:00:00',44,29),
    (23,'2021-04-25 00:00:00',200,19),
    (24,'2022-10-17 00:00:00',168,3),
    (25,'2022-07-21 00:00:00',148,39),
    (26,'2021-07-28 00:00:00',169,31),
    (27,'2020-04-17 00:00:00',182,16),
    (28,'2020-01-22 00:00:00',206,28),
    (29,'2021-08-29 00:00:00',293,33),
    (30,'2020-12-13 00:00:00',126,20),
    (31,'2022-09-11 00:00:00',242,26),
    (32,'2021-07-18 00:00:00',247,17),
    (33,'2019-12-28 00:00:00',278,35),
    (34,'2020-01-22 00:00:00',174,32),
    (35,'2021-07-02 00:00:00',117,9),
    (36,'2022-06-22 00:00:00',69,24),
    (37,'2021-12-19 00:00:00',177,5),
    (38,'2021-04-03 00:00:00',252,15),
    (39,'2020-03-15 00:00:00',54,1),
    (40,'2020-01-17 00:00:00',258,11),
    (41,'2022-05-21 00:00:00',289,11),
    (42,'2020-08-27 00:00:00',111,35),
    (43,'2022-02-10 00:00:00',132,20),
    (44,'2020-11-10 00:00:00',73,8),
    (45,'2020-02-02 00:00:00',235,27),
    (46,'2022-04-05 00:00:00',92,1),
    (47,'2022-05-30 00:00:00',299,34),
    (48,'2020-06-13 00:00:00',194,13),
    (49,'2021-12-11 00:00:00',217,39),
    (50,'2020-10-12 00:00:00',300,29),
    (51,'2022-12-10 00:00:00',285,24),
    (52,'2021-03-18 00:00:00',157,17),
    (53,'2022-08-06 00:00:00',77,2),
    (54,'2020-01-21 00:00:00',75,33),
    (55,'2020-08-25 00:00:00',134,30),
    (56,'2022-02-15 00:00:00',88,32),
    (57,'2022-05-30 00:00:00',275,12),
    (58,'2019-12-09 00:00:00',238,19),
    (59,'2021-05-12 00:00:00',264,5),
    (60,'2022-03-28 00:00:00',2,9),
    (61,'2022-07-28 00:00:00',41,10),
    (62,'2021-02-17 00:00:00',176,23),
    (63,'2020-03-29 00:00:00',25,21),
    (64,'2020-09-13 00:00:00',123,26),
    (65,'2020-02-22 00:00:00',39,31),
    (66,'2020-03-30 00:00:00',109,3),
    (67,'2022-12-13 00:00:00',297,4),
    (68,'2021-03-27 00:00:00',228,6),
    (69,'2021-07-16 00:00:00',230,40),
    (70,'2020-07-30 00:00:00',63,16),
    (71,'2021-04-13 00:00:00',28,25),
    (72,'2022-04-26 00:00:00',181,18),
    (73,'2022-05-20 00:00:00',138,14),
    (74,'2022-01-12 00:00:00',255,28),
    (75,'2020-01-01 00:00:00',276,15),
    (76,'2020-12-11 00:00:00',163,36),
    (77,'2022-01-19 00:00:00',19,22),
    (78,'2020-10-04 00:00:00',21,37),
    (79,'2021-12-16 00:00:00',222,38),
    (80,'2020-08-25 00:00:00',192,7),
    (81,'2021-07-10 00:00:00',231,5),
    (82,'2021-10-06 00:00:00',95,8),
    (83,'2020-06-02 00:00:00',45,29),
    (84,'2021-07-20 00:00:00',103,39),
    (85,'2021-07-31 00:00:00',198,16),
    (86,'2021-04-16 00:00:00',86,19),
    (87,'2019-12-12 00:00:00',131,23),
    (88,'2021-03-14 00:00:00',68,36),
    (89,'2020-03-26 00:00:00',221,35),
    (90,'2021-09-28 00:00:00',186,30),
    (91,'2021-12-06 00:00:00',115,24),
    (92,'2021-01-28 00:00:00',4,7),
    (93,'2020-04-29 00:00:00',277,32),
    (94,'2021-02-02 00:00:00',237,12),
    (95,'2021-06-24 00:00:00',294,27),
    (96,'2019-12-23 00:00:00',43,10),
    (97,'2021-12-24 00:00:00',225,21),
    (98,'2020-12-26 00:00:00',10,33),
    (99,'2020-12-01 00:00:00',114,2),
    (100,'2020-08-02 00:00:00',15,25),
    (101,'2021-01-01 00:00:00',184,17),
    (102,'2020-11-23 00:00:00',151,34),
    (103,'2022-05-16 00:00:00',147,26),
    (104,'2022-09-28 00:00:00',287,40),
    (105,'2020-11-18 00:00:00',190,14),
    (106,'2021-12-24 00:00:00',98,3),
    (107,'2021-06-14 00:00:00',6,6),
    (108,'2021-12-17 00:00:00',108,15),
    (109,'2022-12-12 00:00:00',199,28),
    (110,'2020-05-15 00:00:00',167,9),
    (111,'2020-05-24 00:00:00',142,13),
    (112,'2020-05-05 00:00:00',81,31),
    (113,'2022-06-23 00:00:00',53,18),
    (114,'2021-11-06 00:00:00',78,37),
    (115,'2021-03-06 00:00:00',122,1),
    (116,'2022-07-11 00:00:00',263,4),
    (117,'2022-02-01 00:00:00',110,20),
    (118,'2022-11-01 00:00:00',149,38),
    (119,'2020-12-03 00:00:00',22,11),
    (120,'2022-01-01 00:00:00',218,22),
    (121,'2022-05-05 00:00:00',37,26),
    (122,'2020-02-16 00:00:00',249,5),
    (123,'2022-03-16 00:00:00',133,40),
    (124,'2020-01-17 00:00:00',52,35),
    (125,'2022-01-22 00:00:00',170,8),
    (126,'2020-06-26 00:00:00',50,38),
    (127,'2020-06-17 00:00:00',51,3),
    (128,'2020-05-22 00:00:00',189,24),
    (129,'2020-09-06 00:00:00',112,4),
    (130,'2022-05-04 00:00:00',35,15),
    (131,'2022-11-20 00:00:00',124,23),
    (132,'2022-01-19 00:00:00',85,31),
    (133,'2020-11-10 00:00:00',70,33),
    (134,'2020-03-12 00:00:00',288,6),
    (135,'2020-10-29 00:00:00',105,14),
    (136,'2022-08-01 00:00:00',272,27),
    (137,'2022-03-03 00:00:00',240,12),
    (138,'2020-02-09 00:00:00',291,32),
    (139,'2021-07-22 00:00:00',18,36),
    (140,'2021-05-28 00:00:00',197,30),
    (141,'2020-12-13 00:00:00',140,21),
    (142,'2021-11-10 00:00:00',180,34),
    (143,'2022-07-31 00:00:00',245,10),
    (144,'2022-08-11 00:00:00',286,39),
    (145,'2022-06-28 00:00:00',93,20),
    (146,'2020-06-22 00:00:00',87,19),
    (147,'2022-11-30 00:00:00',214,1),
    (148,'2022-05-15 00:00:00',257,29),
    (149,'2021-02-22 00:00:00',261,25),
    (150,'2020-03-17 00:00:00',76,22),
    (151,'2021-10-15 00:00:00',215,13),
    (152,'2022-04-15 00:00:00',23,28),
    (153,'2022-10-18 00:00:00',13,37),
    (154,'2021-12-13 00:00:00',281,11),
    (155,'2021-07-21 00:00:00',99,2),
    (156,'2022-04-16 00:00:00',16,17),
    (157,'2021-04-11 00:00:00',32,9),
    (158,'2022-11-20 00:00:00',216,18),
    (159,'2022-06-04 00:00:00',146,16),
    (160,'2020-02-21 00:00:00',178,7),
    (161,'2022-01-02 00:00:00',127,39),
    (162,'2019-12-25 00:00:00',27,4),
    (163,'2020-09-17 00:00:00',153,17),
    (164,'2021-07-24 00:00:00',137,11),
    (165,'2022-06-13 00:00:00',30,16),
    (166,'2022-12-04 00:00:00',96,36),
    (167,'2021-07-23 00:00:00',3,30),
    (168,'2021-03-23 00:00:00',26,8),
    (169,'2021-06-23 00:00:00',72,27),
    (170,'2022-02-19 00:00:00',154,7),
    (171,'2020-08-21 00:00:00',156,3),
    (172,'2021-10-14 00:00:00',106,31),
    (173,'2022-06-24 00:00:00',82,18),
    (174,'2021-05-15 00:00:00',71,28),
    (175,'2021-03-17 00:00:00',187,37),
    (176,'2022-10-15 00:00:00',239,21),
    (177,'2021-01-30 00:00:00',250,2),
    (178,'2021-04-05 00:00:00',121,6),
    (179,'2020-04-05 00:00:00',46,20),
    (180,'2022-07-26 00:00:00',282,13),
    (181,'2021-12-07 00:00:00',100,26),
    (182,'2021-10-20 00:00:00',118,19),
    (183,'2021-05-06 00:00:00',279,23),
    (184,'2022-09-01 00:00:00',120,34),
    (185,'2021-03-03 00:00:00',191,9),
    (186,'2022-08-19 00:00:00',38,15),
    (187,'2020-07-30 00:00:00',268,40),
    (188,'2021-01-06 00:00:00',145,14),
    (189,'2020-04-22 00:00:00',8,29),
    (190,'2020-07-12 00:00:00',159,35),
    (191,'2022-07-12 00:00:00',24,38),
    (192,'2021-04-19 00:00:00',42,1),
    (193,'2020-07-23 00:00:00',248,5),
    (194,'2020-10-12 00:00:00',201,22),
    (195,'2022-01-29 00:00:00',210,24),
    (196,'2021-09-01 00:00:00',36,32),
    (197,'2021-03-13 00:00:00',57,12),
    (198,'2022-05-19 00:00:00',49,10),
    (199,'2020-07-31 00:00:00',211,33),
    (200,'2022-12-04 00:00:00',188,25),
    (201,'2021-12-25 00:00:00',113,7),
    (202,'2020-06-03 00:00:00',14,17),
    (203,'2020-11-29 00:00:00',89,27),
    (204,'2021-07-22 00:00:00',207,2),
    (205,'2021-12-29 00:00:00',185,34),
    (206,'2021-01-13 00:00:00',90,20),
    (207,'2022-08-08 00:00:00',80,14),
    (208,'2021-01-25 00:00:00',203,33),
    (209,'2021-03-10 00:00:00',84,8),
    (210,'2021-11-14 00:00:00',283,26),
    (211,'2022-10-14 00:00:00',265,13),
    (212,'2022-07-24 00:00:00',241,22),
    (213,'2021-08-01 00:00:00',161,12),
    (214,'2022-10-25 00:00:00',144,29),
    (215,'2021-05-26 00:00:00',9,40),
    (216,'2020-11-07 00:00:00',227,5),
    (217,'2019-12-21 00:00:00',298,3),
    (218,'2022-03-18 00:00:00',11,16),
    (219,'2021-12-22 00:00:00',40,36),
    (220,'2020-07-29 00:00:00',125,31),
    (221,'2020-05-12 00:00:00',91,11),
    (222,'2021-11-04 00:00:00',226,18),
    (223,'2020-02-25 00:00:00',158,25),
    (224,'2021-07-14 00:00:00',274,32),
    (225,'2022-09-16 00:00:00',119,39),
    (226,'2020-11-29 00:00:00',202,15),
    (227,'2021-11-21 00:00:00',266,28),
    (228,'2022-07-30 00:00:00',254,38),
    (229,'2020-11-01 00:00:00',34,37),
    (230,'2020-11-08 00:00:00',219,10),
    (231,'2020-05-13 00:00:00',139,30),
    (232,'2021-12-21 00:00:00',269,24),
    (233,'2021-05-27 00:00:00',292,21),
    (234,'2021-04-15 00:00:00',74,9),
    (235,'2022-05-22 00:00:00',209,4),
    (236,'2020-04-14 00:00:00',12,19),
    (237,'2020-05-08 00:00:00',244,35),
    (238,'2020-12-21 00:00:00',20,6),
    (239,'2022-12-04 00:00:00',208,1),
    (240,'2021-07-22 00:00:00',60,23),
    (241,'2022-05-21 00:00:00',284,23),
    (242,'2022-09-17 00:00:00',160,15),
    (243,'2021-02-22 00:00:00',196,31),
    (244,'2020-11-25 00:00:00',290,13),
    (245,'2020-02-22 00:00:00',170,30),
    (246,'2022-02-28 00:00:00',4,7),
    (247,'2021-06-13 00:00:00',32,19),
    (248,'2021-02-08 00:00:00',178,1),
    (249,'2021-11-11 00:00:00',131,37),
    (250,'2022-11-26 00:00:00',98,21);
INSERT INTO ORDERS2 VALUES
    (251,'2022-12-18 00:00:00',64,32),
    (252,'2021-08-27 00:00:00',198,34),
    (253,'2021-04-14 00:00:00',19,22),
    (254,'2020-11-15 00:00:00',112,35),
    (255,'2020-01-22 00:00:00',119,26),
    (256,'2020-11-29 00:00:00',44,24),
    (257,'2021-06-21 00:00:00',127,18),
    (258,'2020-09-12 00:00:00',76,33),
    (259,'2022-10-17 00:00:00',58,40),
    (260,'2022-05-30 00:00:00',183,9),
    (261,'2020-01-14 00:00:00',24,25),
    (262,'2020-09-05 00:00:00',209,8),
    (263,'2020-09-24 00:00:00',143,38),
    (264,'2020-06-05 00:00:00',164,20),
    (265,'2022-01-09 00:00:00',82,3),
    (266,'2021-07-09 00:00:00',291,27),
    (267,'2021-02-21 00:00:00',155,39),
    (268,'2022-08-31 00:00:00',233,14),
    (269,'2020-07-18 00:00:00',27,11),
    (270,'2022-12-27 00:00:00',196,6),
    (271,'2020-04-04 00:00:00',52,10),
    (272,'2021-04-21 00:00:00',72,16),
    (273,'2021-09-23 00:00:00',2,36),
    (274,'2020-11-11 00:00:00',239,2),
    (275,'2021-09-16 00:00:00',146,29),
    (276,'2022-12-01 00:00:00',134,4),
    (277,'2020-03-14 00:00:00',95,5),
    (278,'2020-01-23 00:00:00',40,17),
    (279,'2021-01-12 00:00:00',75,28),
    (280,'2020-12-16 00:00:00',37,12),
    (281,'2020-09-30 00:00:00',266,18),
    (282,'2022-01-25 00:00:00',147,22),
    (283,'2022-05-18 00:00:00',18,11),
    (284,'2020-05-27 00:00:00',60,35),
    (285,'2022-01-12 00:00:00',277,30),
    (286,'2021-09-25 00:00:00',176,19),
    (287,'2022-05-16 00:00:00',276,40),
    (288,'2021-05-25 00:00:00',124,2),
    (289,'2022-05-25 00:00:00',123,14),
    (290,'2022-04-18 00:00:00',34,16),
    (291,'2021-11-14 00:00:00',65,9),
    (292,'2021-07-12 00:00:00',165,5),
    (293,'2020-03-23 00:00:00',63,1),
    (294,'2022-04-02 00:00:00',66,6),
    (295,'2019-12-19 00:00:00',252,8),
    (296,'2020-11-10 00:00:00',7,21),
    (297,'2020-10-11 00:00:00',294,4),
    (298,'2020-12-23 00:00:00',194,3),
    (299,'2021-08-01 00:00:00',9,20),
    (300,'2022-09-12 00:00:00',203,31),
    (301,'2022-01-30 00:00:00',132,39),
    (302,'2022-08-31 00:00:00',97,25),
    (303,'2020-07-24 00:00:00',191,27),
    (304,'2020-08-11 00:00:00',104,7),
    (305,'2022-07-09 00:00:00',201,28),
    (306,'2020-11-05 00:00:00',219,10),
    (307,'2020-02-03 00:00:00',172,36),
    (308,'2021-09-08 00:00:00',71,24),
    (309,'2022-06-13 00:00:00',228,17),
    (310,'2022-08-15 00:00:00',67,13),
    (311,'2022-01-14 00:00:00',130,23),
    (312,'2020-05-14 00:00:00',12,12),
    (313,'2020-03-26 00:00:00',242,26),
    (314,'2020-07-09 00:00:00',57,33),
    (315,'2021-02-03 00:00:00',186,38),
    (316,'2021-05-29 00:00:00',197,37),
    (317,'2020-08-12 00:00:00',148,34),
    (318,'2021-10-23 00:00:00',175,15),
    (319,'2021-05-02 00:00:00',180,32),
    (320,'2022-05-18 00:00:00',128,29),
    (321,'2022-10-24 00:00:00',229,33),
    (322,'2020-11-11 00:00:00',68,22),
    (323,'2022-05-28 00:00:00',109,25),
    (324,'2022-10-02 00:00:00',220,9),
    (325,'2020-05-28 00:00:00',293,4),
    (326,'2022-10-30 00:00:00',83,7),
    (327,'2020-02-23 00:00:00',50,34),
    (328,'2020-07-31 00:00:00',13,6),
    (329,'2021-11-11 00:00:00',6,31),
    (330,'2021-01-10 00:00:00',49,19),
    (331,'2020-05-09 00:00:00',161,5),
    (332,'2021-01-03 00:00:00',84,16),
    (333,'2022-06-14 00:00:00',11,38),
    (334,'2022-02-08 00:00:00',156,40),
    (335,'2022-07-19 00:00:00',39,14),
    (336,'2020-01-09 00:00:00',3,11),
    (337,'2022-06-30 00:00:00',213,35),
    (338,'2020-02-29 00:00:00',23,10),
    (339,'2020-03-21 00:00:00',162,28),
    (340,'2020-03-09 00:00:00',35,13),
    (341,'2021-05-25 00:00:00',238,24),
    (342,'2020-01-30 00:00:00',274,23),
    (343,'2021-01-07 00:00:00',38,8),
    (344,'2020-01-26 00:00:00',283,20),
    (345,'2022-08-27 00:00:00',273,27),
    (346,'2021-04-24 00:00:00',185,26),
    (347,'2021-11-21 00:00:00',240,18),
    (348,'2022-03-15 00:00:00',14,2),
    (349,'2021-08-01 00:00:00',167,12),
    (350,'2022-12-06 00:00:00',20,15),
    (351,'2020-05-04 00:00:00',262,21),
    (352,'2021-12-29 00:00:00',182,37),
    (353,'2022-11-18 00:00:00',244,1),
    (354,'2022-06-30 00:00:00',227,17),
    (355,'2022-11-12 00:00:00',181,39),
    (356,'2021-11-29 00:00:00',287,30),
    (357,'2022-06-21 00:00:00',88,29),
    (358,'2022-02-10 00:00:00',226,3),
    (359,'2021-01-04 00:00:00',188,32),
    (360,'2021-06-03 00:00:00',225,36),
    (361,'2022-10-05 00:00:00',133,2),
    (362,'2022-01-26 00:00:00',256,16),
    (363,'2022-10-01 00:00:00',46,21),
    (364,'2020-04-15 00:00:00',279,18),
    (365,'2021-11-05 00:00:00',251,6),
    (366,'2020-08-06 00:00:00',261,3),
    (367,'2020-07-15 00:00:00',22,32),
    (368,'2020-07-23 00:00:00',91,20),
    (369,'2020-12-24 00:00:00',107,24),
    (370,'2020-11-02 00:00:00',245,34),
    (371,'2021-01-12 00:00:00',205,33),
    (372,'2020-11-24 00:00:00',94,8),
    (373,'2022-11-24 00:00:00',217,23),
    (374,'2021-04-18 00:00:00',160,25),
    (375,'2021-01-06 00:00:00',214,7),
    (376,'2022-03-17 00:00:00',15,5),
    (377,'2021-10-15 00:00:00',179,27),
    (378,'2020-01-27 00:00:00',138,40),
    (379,'2020-05-26 00:00:00',61,9),
    (380,'2022-07-14 00:00:00',26,11),
    (381,'2021-11-12 00:00:00',286,22),
    (382,'2021-03-23 00:00:00',187,39),
    (383,'2020-12-17 00:00:00',253,14),
    (384,'2020-10-11 00:00:00',115,36),
    (385,'2022-10-19 00:00:00',36,19),
    (386,'2021-12-08 00:00:00',264,10),
    (387,'2021-07-28 00:00:00',235,4),
    (388,'2020-01-06 00:00:00',111,15),
    (389,'2021-10-24 00:00:00',254,38),
    (390,'2020-04-02 00:00:00',224,12),
    (391,'2022-12-20 00:00:00',149,31),
    (392,'2020-09-08 00:00:00',86,37),
    (393,'2020-05-08 00:00:00',200,28),
    (394,'2019-12-30 00:00:00',265,26),
    (395,'2022-03-28 00:00:00',28,13),
    (396,'2020-09-25 00:00:00',113,29),
    (397,'2020-05-26 00:00:00',285,35),
    (398,'2021-06-08 00:00:00',10,17),
    (399,'2021-06-09 00:00:00',142,30),
    (400,'2022-09-15 00:00:00',55,1),
    (401,'2022-07-23 00:00:00',260,8),
    (402,'2021-08-27 00:00:00',73,32),
    (403,'2021-09-08 00:00:00',17,28),
    (404,'2020-08-24 00:00:00',241,24),
    (405,'2020-11-30 00:00:00',102,18),
    (406,'2020-06-21 00:00:00',280,10),
    (407,'2020-03-28 00:00:00',234,20),
    (408,'2022-06-25 00:00:00',278,22),
    (409,'2021-07-23 00:00:00',255,40),
    (410,'2022-07-27 00:00:00',258,19),
    (411,'2021-06-11 00:00:00',101,38),
    (412,'2022-02-06 00:00:00',5,31),
    (413,'2021-10-06 00:00:00',263,16),
    (414,'2022-03-02 00:00:00',125,35),
    (415,'2021-07-03 00:00:00',139,33),
    (416,'2020-06-13 00:00:00',8,21),
    (417,'2020-09-30 00:00:00',144,12),
    (418,'2022-04-27 00:00:00',223,7),
    (419,'2022-09-05 00:00:00',168,4),
    (420,'2020-06-07 00:00:00',300,2),
    (421,'2022-06-13 00:00:00',171,30),
    (422,'2022-01-21 00:00:00',59,11),
    (423,'2020-11-26 00:00:00',121,34),
    (424,'2020-10-31 00:00:00',177,25),
    (425,'2021-10-03 00:00:00',145,1),
    (426,'2020-05-19 00:00:00',110,17),
    (427,'2022-09-01 00:00:00',118,3),
    (428,'2020-07-28 00:00:00',78,9),
    (429,'2019-12-15 00:00:00',169,27),
    (430,'2021-06-23 00:00:00',99,15),
    (431,'2020-10-23 00:00:00',268,6),
    (432,'2021-11-14 00:00:00',62,39),
    (433,'2020-10-24 00:00:00',204,37),
    (434,'2022-10-15 00:00:00',247,26),
    (435,'2020-10-09 00:00:00',157,5),
    (436,'2020-01-15 00:00:00',120,36),
    (437,'2020-08-02 00:00:00',140,13),
    (438,'2020-07-15 00:00:00',208,14),
    (439,'2022-12-09 00:00:00',210,23),
    (440,'2020-12-31 00:00:00',153,29),
    (441,'2021-04-29 00:00:00',48,4),
    (442,'2020-07-11 00:00:00',103,14),
    (443,'2020-02-14 00:00:00',1,6),
    (444,'2021-08-01 00:00:00',90,37),
    (445,'2021-09-02 00:00:00',166,33),
    (446,'2022-11-09 00:00:00',85,23),
    (447,'2020-05-05 00:00:00',267,2),
    (448,'2020-01-03 00:00:00',30,38),
    (449,'2020-01-28 00:00:00',25,30),
    (450,'2022-12-19 00:00:00',29,28),
    (451,'2021-12-20 00:00:00',237,24),
    (452,'2022-02-28 00:00:00',56,1),
    (453,'2022-11-05 00:00:00',79,18),
    (454,'2020-10-11 00:00:00',69,12),
    (455,'2021-06-15 00:00:00',141,5),
    (456,'2021-11-10 00:00:00',151,29),
    (457,'2022-05-06 00:00:00',193,40),
    (458,'2022-03-14 00:00:00',207,3),
    (459,'2020-08-30 00:00:00',215,8),
    (460,'2021-09-03 00:00:00',243,17),
    (461,'2022-05-29 00:00:00',298,39),
    (462,'2022-01-04 00:00:00',42,15),
    (463,'2022-12-08 00:00:00',135,35),
    (464,'2020-04-28 00:00:00',51,27),
    (465,'2020-10-05 00:00:00',53,10),
    (466,'2020-07-22 00:00:00',216,36),
    (467,'2021-09-12 00:00:00',292,22),
    (468,'2020-02-06 00:00:00',230,11),
    (469,'2022-04-23 00:00:00',150,31),
    (470,'2021-12-28 00:00:00',270,16),
    (471,'2021-08-12 00:00:00',296,26),
    (472,'2021-04-18 00:00:00',54,7),
    (473,'2021-07-16 00:00:00',154,20),
    (474,'2021-08-06 00:00:00',152,9),
    (475,'2022-03-30 00:00:00',137,21),
    (476,'2020-05-25 00:00:00',199,13),
    (477,'2021-01-23 00:00:00',289,25),
    (478,'2022-02-10 00:00:00',249,19),
    (479,'2021-07-11 00:00:00',299,32),
    (480,'2021-07-09 00:00:00',275,34),
    (481,'2021-12-17 00:00:00',297,17),
    (482,'2021-01-01 00:00:00',45,32),
    (483,'2021-07-05 00:00:00',274,28),
    (484,'2020-12-11 00:00:00',219,1),
    (485,'2020-12-14 00:00:00',146,33),
    (486,'2020-06-22 00:00:00',255,5),
    (487,'2020-04-07 00:00:00',212,35),
    (488,'2021-01-26 00:00:00',288,23),
    (489,'2020-04-29 00:00:00',153,3),
    (490,'2020-09-28 00:00:00',80,6),
    (491,'2021-07-24 00:00:00',270,20),
    (492,'2022-05-05 00:00:00',189,14),
    (493,'2020-06-26 00:00:00',51,12),
    (494,'2022-10-21 00:00:00',64,9),
    (495,'2022-08-19 00:00:00',275,40),
    (496,'2020-01-29 00:00:00',244,38),
    (497,'2020-03-30 00:00:00',188,39),
    (498,'2022-02-08 00:00:00',172,10),
    (499,'2020-08-05 00:00:00',30,22),
    (500,'2022-03-25 00:00:00',251,21);
 CREATE TABLE ORDERS2 (
    ORDER_ID INT NOT NULL,
    ORDER_DATE DATE,
    CUSTOMER_ID INT NOT NULL,
    PROMOTION_ID INT,
    PRIMARY KEY (ORDER_ID),
    FOREIGN KEY (PROMOTION_ID) REFERENCES PROMOTIONS(PROMOTION_ID),
    FOREIGN KEY (CUSTOMER_ID) REFERENCES CUSTOMER(CUSTOMER_ID)
);
 INSERT INTO ORDERS1 VALUES
    (1,'2022-03-03 00:00:00',297,9),
    (2,'2021-06-11 00:00:00',29,6),
    (3,'2022-10-05 00:00:00',192,40),
    (4,'2021-12-15 00:00:00',189,31),
    (5,'2022-05-06 00:00:00',265,3),
    (6,'2022-11-10 00:00:00',61,30),
    (7,'2022-06-19 00:00:00',215,28),
    (8,'2021-06-12 00:00:00',165,11),
    (9,'2022-07-18 00:00:00',103,20),
    (10,'2021-10-13 00:00:00',289,19),
    (11,'2022-02-21 00:00:00',5,12),
    (12,'2022-02-23 00:00:00',261,22),
    (13,'2021-10-05 00:00:00',151,10),
    (14,'2022-08-21 00:00:00',231,18),
    (15,'2022-09-27 00:00:00',111,32),
    (16,'2021-08-22 00:00:00',131,25),
    (17,'2022-09-24 00:00:00',207,16),
    (18,'2021-10-08 00:00:00',201,24),
    (19,'2022-08-24 00:00:00',178,39),
    (20,'2021-08-04 00:00:00',257,26),
    (21,'2021-11-23 00:00:00',32,14),
    (22,'2022-06-26 00:00:00',121,8),
    (23,'2022-04-08 00:00:00',59,7),
    (24,'2021-10-07 00:00:00',123,37),
    (25,'2022-08-04 00:00:00',136,2),
    (26,'2021-05-01 00:00:00',138,29),
    (27,'2021-07-06 00:00:00',206,23),
    (28,'2022-04-20 00:00:00',286,35),
    (29,'2022-05-23 00:00:00',150,13),
    (30,'2021-10-28 00:00:00',19,17),
    (31,'2022-05-02 00:00:00',258,5),
    (32,'2021-02-08 00:00:00',6,4),
    (33,'2022-09-24 00:00:00',135,1),
    (34,'2022-10-02 00:00:00',51,38),
    (35,'2021-08-27 00:00:00',240,27),
    (36,'2021-06-25 00:00:00',220,36),
    (37,'2021-06-01 00:00:00',25,33),
    (38,'2021-11-22 00:00:00',161,21),
    (39,'2022-07-05 00:00:00',88,15),
    (40,'2020-12-22 00:00:00',158,34),
    (41,'2022-10-06 00:00:00',33,25),
    (42,'2022-11-15 00:00:00',183,36),
    (43,'2022-04-01 00:00:00',126,24),
    (44,'2022-09-07 00:00:00',40,38),
    (45,'2022-09-04 00:00:00',282,29),
    (46,'2022-07-08 00:00:00',232,14),
    (47,'2022-02-23 00:00:00',248,28),
    (48,'2021-03-28 00:00:00',167,30),
    (49,'2021-04-27 00:00:00',70,18),
    (50,'2022-10-20 00:00:00',249,11),
    (51,'2022-10-18 00:00:00',152,23),
    (52,'2021-12-03 00:00:00',266,8),
    (53,'2022-04-06 00:00:00',171,39),
    (54,'2022-11-22 00:00:00',16,15),
    (55,'2021-07-20 00:00:00',176,40),
    (56,'2021-08-23 00:00:00',219,7),
    (57,'2020-12-24 00:00:00',43,27),
    (58,'2021-10-27 00:00:00',65,37),
    (59,'2021-06-04 00:00:00',94,31),
    (60,'2022-07-17 00:00:00',253,4),
    (61,'2022-06-18 00:00:00',108,26),
    (62,'2022-09-15 00:00:00',99,34),
    (63,'2022-10-28 00:00:00',194,12),
    (64,'2021-12-29 00:00:00',274,32),
    (65,'2022-01-31 00:00:00',139,17),
    (66,'2021-11-23 00:00:00',200,33),
    (67,'2021-08-16 00:00:00',45,35),
    (68,'2022-06-12 00:00:00',73,5),
    (69,'2021-03-27 00:00:00',79,6),
    (70,'2022-08-18 00:00:00',299,22),
    (71,'2021-07-06 00:00:00',160,21),
    (72,'2021-07-31 00:00:00',80,20),
    (73,'2022-11-14 00:00:00',155,13),
    (74,'2022-02-02 00:00:00',55,2),
    (75,'2021-02-27 00:00:00',87,16),
    (76,'2021-03-17 00:00:00',225,9),
    (77,'2022-09-08 00:00:00',89,1),
    (78,'2022-04-10 00:00:00',1,10),
    (79,'2022-02-14 00:00:00',35,3),
    (80,'2021-02-11 00:00:00',23,19),
    (81,'2022-02-17 00:00:00',263,6),
    (82,'2021-07-11 00:00:00',230,1),
    (83,'2022-03-03 00:00:00',37,22),
    (84,'2022-01-10 00:00:00',42,29),
    (85,'2021-05-27 00:00:00',243,16),
    (86,'2022-10-12 00:00:00',112,9),
    (87,'2021-02-01 00:00:00',119,12),
    (88,'2021-05-03 00:00:00',254,40),
    (89,'2022-07-14 00:00:00',90,39),
    (90,'2021-03-19 00:00:00',188,15),
    (91,'2022-06-07 00:00:00',149,5),
    (92,'2022-04-21 00:00:00',57,32),
    (93,'2022-01-06 00:00:00',180,4),
    (94,'2022-09-17 00:00:00',3,27),
    (95,'2021-11-21 00:00:00',218,17),
    (96,'2022-12-20 00:00:00',255,10),
    (97,'2021-01-07 00:00:00',179,11),
    (98,'2022-11-10 00:00:00',229,13),
    (99,'2022-02-19 00:00:00',211,37),
    (100,'2022-06-11 00:00:00',279,33),
    (101,'2022-07-11 00:00:00',284,21),
    (102,'2022-12-02 00:00:00',115,24),
    (103,'2022-01-16 00:00:00',74,19),
    (104,'2022-01-26 00:00:00',293,36),
    (105,'2021-12-10 00:00:00',156,20),
    (106,'2021-11-09 00:00:00',195,34),
    (107,'2021-05-02 00:00:00',227,26),
    (108,'2022-01-09 00:00:00',290,30),
    (109,'2022-06-05 00:00:00',287,7),
    (110,'2022-03-01 00:00:00',235,25),
    (111,'2021-09-14 00:00:00',186,14),
    (112,'2021-12-19 00:00:00',144,38),
    (113,'2021-03-28 00:00:00',204,18),
    (114,'2022-04-25 00:00:00',67,2),
    (115,'2021-11-25 00:00:00',291,35),
    (116,'2022-10-31 00:00:00',275,8),
    (117,'2021-02-15 00:00:00',147,23),
    (118,'2022-08-05 00:00:00',236,31),
    (119,'2022-12-10 00:00:00',272,28),
    (120,'2021-03-25 00:00:00',62,3),
    (121,'2021-07-10 00:00:00',234,8),
    (122,'2022-06-20 00:00:00',15,22),
    (123,'2021-01-23 00:00:00',22,35),
    (124,'2021-02-21 00:00:00',217,11),
    (125,'2021-07-14 00:00:00',140,13),
    (126,'2022-02-18 00:00:00',34,17),
    (127,'2021-12-14 00:00:00',106,31),
    (128,'2021-02-01 00:00:00',109,9),
    (129,'2022-03-09 00:00:00',143,32),
    (130,'2022-04-19 00:00:00',177,36),
    (131,'2021-11-08 00:00:00',213,37),
    (132,'2022-07-01 00:00:00',78,29),
    (133,'2022-12-02 00:00:00',105,12),
    (134,'2021-11-22 00:00:00',260,27),
    (135,'2022-11-20 00:00:00',259,39),
    (136,'2021-08-28 00:00:00',38,5),
    (137,'2022-09-18 00:00:00',148,1),
    (138,'2022-06-23 00:00:00',300,2),
    (139,'2022-02-05 00:00:00',244,10),
    (140,'2022-09-30 00:00:00',252,34),
    (141,'2021-08-12 00:00:00',48,18),
    (142,'2021-08-04 00:00:00',72,28),
    (143,'2021-09-25 00:00:00',10,7),
    (144,'2021-11-29 00:00:00',27,19),
    (145,'2021-09-08 00:00:00',237,26),
    (146,'2021-07-05 00:00:00',245,25),
    (147,'2021-08-04 00:00:00',96,4),
    (148,'2021-08-30 00:00:00',247,40),
    (149,'2022-10-03 00:00:00',118,14),
    (150,'2022-03-12 00:00:00',24,20),
    (151,'2022-06-09 00:00:00',175,6),
    (152,'2021-03-16 00:00:00',294,23),
    (153,'2021-10-29 00:00:00',125,30),
    (154,'2020-12-15 00:00:00',214,33),
    (155,'2022-05-31 00:00:00',280,38),
    (156,'2022-02-25 00:00:00',134,16),
    (157,'2021-04-03 00:00:00',154,21),
    (158,'2022-03-03 00:00:00',202,24),
    (159,'2021-10-23 00:00:00',52,3),
    (160,'2022-05-05 00:00:00',21,15),
    (161,'2022-11-01 00:00:00',53,38),
    (162,'2021-06-14 00:00:00',12,2),
    (163,'2021-12-16 00:00:00',193,39),
    (164,'2022-11-26 00:00:00',98,4),
    (165,'2021-03-06 00:00:00',270,23),
    (166,'2021-01-24 00:00:00',277,28),
    (167,'2022-11-18 00:00:00',153,25),
    (168,'2021-08-22 00:00:00',197,15),
    (169,'2021-09-27 00:00:00',31,34),
    (170,'2021-03-08 00:00:00',104,12),
    (171,'2021-02-09 00:00:00',13,27),
    (172,'2021-10-28 00:00:00',9,26),
    (173,'2021-02-02 00:00:00',212,22),
    (174,'2021-10-31 00:00:00',85,30),
    (175,'2022-08-16 00:00:00',76,40),
    (176,'2021-11-30 00:00:00',39,24),
    (177,'2022-01-30 00:00:00',187,35),
    (178,'2021-09-07 00:00:00',267,13),
    (179,'2022-02-25 00:00:00',36,1),
    (180,'2020-12-29 00:00:00',241,14),
    (181,'2021-07-22 00:00:00',75,6),
    (182,'2021-01-02 00:00:00',113,17),
    (183,'2021-06-06 00:00:00',86,3),
    (184,'2021-05-07 00:00:00',54,21),
    (185,'2021-09-02 00:00:00',157,33),
    (186,'2022-11-15 00:00:00',82,36),
    (187,'2021-01-20 00:00:00',169,31),
    (188,'2022-03-24 00:00:00',166,37),
    (189,'2022-04-14 00:00:00',77,9),
    (190,'2020-12-24 00:00:00',84,19),
    (191,'2022-08-16 00:00:00',58,29),
    (192,'2020-12-09 00:00:00',142,8),
    (193,'2021-02-26 00:00:00',191,5),
    (194,'2021-03-08 00:00:00',17,10),
    (195,'2021-01-07 00:00:00',210,7),
    (196,'2021-11-19 00:00:00',145,16),
    (197,'2022-03-19 00:00:00',7,32),
    (198,'2021-08-31 00:00:00',28,18),
    (199,'2022-08-15 00:00:00',120,11),
    (200,'2021-03-21 00:00:00',91,20),
    (201,'2022-08-11 00:00:00',18,33),
    (202,'2022-09-17 00:00:00',137,24),
    (203,'2021-02-25 00:00:00',288,34),
    (204,'2021-07-07 00:00:00',41,2),
    (205,'2021-05-22 00:00:00',273,39),
    (206,'2022-04-23 00:00:00',81,14),
    (207,'2021-08-11 00:00:00',296,37),
    (208,'2021-10-19 00:00:00',101,16),
    (209,'2021-12-12 00:00:00',159,26),
    (210,'2022-08-19 00:00:00',11,4),
    (211,'2021-06-21 00:00:00',269,3),
    (212,'2021-11-20 00:00:00',95,6),
    (213,'2021-05-24 00:00:00',181,29),
    (214,'2022-07-12 00:00:00',168,15),
    (215,'2022-05-11 00:00:00',71,25),
    (216,'2022-05-28 00:00:00',285,23),
    (217,'2021-12-29 00:00:00',146,8),
    (218,'2022-08-05 00:00:00',164,7),
    (219,'2021-04-29 00:00:00',295,31),
    (220,'2021-02-23 00:00:00',114,17),
    (221,'2021-08-31 00:00:00',97,13),
    (222,'2021-05-24 00:00:00',223,27),
    (223,'2022-04-15 00:00:00',276,12),
    (224,'2022-03-29 00:00:00',228,32),
    (225,'2021-02-11 00:00:00',173,20),
    (226,'2021-07-06 00:00:00',117,38),
    (227,'2022-08-06 00:00:00',170,19),
    (228,'2021-10-27 00:00:00',205,30),
    (229,'2022-06-24 00:00:00',162,5),
    (230,'2022-05-16 00:00:00',49,28),
    (231,'2022-01-25 00:00:00',107,21),
    (232,'2022-12-05 00:00:00',222,9),
    (233,'2022-06-22 00:00:00',116,22),
    (234,'2021-02-14 00:00:00',92,11),
    (235,'2021-09-11 00:00:00',198,10),
    (236,'2020-12-21 00:00:00',256,40),
    (237,'2022-11-25 00:00:00',124,1),
    (238,'2022-03-13 00:00:00',224,35),
    (239,'2020-12-18 00:00:00',63,18),
    (240,'2022-08-13 00:00:00',20,36),
    (241,'2022-11-14 00:00:00',69,26),
    (242,'2021-04-21 00:00:00',238,24),
    (243,'2022-04-09 00:00:00',133,29),
    (244,'2021-07-20 00:00:00',130,10),
    (245,'2022-10-10 00:00:00',199,4),
    (246,'2022-05-15 00:00:00',44,22),
    (247,'2022-10-13 00:00:00',110,17),
    (248,'2022-12-13 00:00:00',88,16),
    (249,'2021-12-09 00:00:00',74,23),
    (250,'2021-07-29 00:00:00',9,14);
INSERT INTO ORDERS1 VALUES
    (251,'2021-04-15 00:00:00',247,37),
    (252,'2021-01-12 00:00:00',163,32),
    (253,'2021-09-27 00:00:00',91,30),
    (254,'2022-09-30 00:00:00',174,25),
    (255,'2022-09-22 00:00:00',263,35),
    (256,'2022-07-14 00:00:00',67,5),
    (257,'2022-07-15 00:00:00',128,8),
    (258,'2021-12-02 00:00:00',162,20),
    (259,'2021-03-10 00:00:00',124,38),
    (260,'2021-03-19 00:00:00',187,15),
    (261,'2022-09-18 00:00:00',188,7),
    (262,'2021-07-29 00:00:00',298,19),
    (263,'2022-08-15 00:00:00',139,3),
    (264,'2022-08-04 00:00:00',231,40),
    (265,'2022-04-09 00:00:00',29,1),
    (266,'2021-11-16 00:00:00',167,27),
    (267,'2020-12-09 00:00:00',284,9),
    (268,'2022-12-29 00:00:00',99,39),
    (269,'2021-12-28 00:00:00',152,36),
    (270,'2022-04-21 00:00:00',203,34),
    (271,'2022-06-02 00:00:00',221,21),
    (272,'2021-11-27 00:00:00',291,2),
    (273,'2022-09-15 00:00:00',220,13),
    (274,'2022-07-31 00:00:00',4,33),
    (275,'2022-02-15 00:00:00',77,11),
    (276,'2021-06-30 00:00:00',127,12),
    (277,'2022-10-13 00:00:00',183,6),
    (278,'2021-08-28 00:00:00',195,28),
    (279,'2022-03-16 00:00:00',103,18),
    (280,'2022-02-24 00:00:00',279,31),
    (281,'2020-12-07 00:00:00',57,26),
    (282,'2021-10-29 00:00:00',250,35),
    (283,'2022-10-19 00:00:00',130,5),
    (284,'2022-01-06 00:00:00',281,33),
    (285,'2021-09-12 00:00:00',182,29),
    (286,'2022-08-24 00:00:00',56,36),
    (287,'2021-12-15 00:00:00',118,37),
    (288,'2022-11-02 00:00:00',138,2),
    (289,'2021-05-24 00:00:00',131,13),
    (290,'2021-10-27 00:00:00',157,30),
    (291,'2021-05-19 00:00:00',256,3),
    (292,'2021-12-18 00:00:00',93,40),
    (293,'2021-01-13 00:00:00',265,14),
    (294,'2021-04-21 00:00:00',19,16),
    (295,'2021-05-21 00:00:00',89,9),
    (296,'2021-01-21 00:00:00',60,18),
    (297,'2021-08-13 00:00:00',225,20),
    (298,'2021-05-24 00:00:00',164,4),
    (299,'2022-11-03 00:00:00',66,34),
    (300,'2022-11-13 00:00:00',159,12),
    (301,'2022-12-27 00:00:00',268,23),
    (302,'2022-12-23 00:00:00',143,21),
    (303,'2021-11-04 00:00:00',262,15),
    (304,'2022-03-21 00:00:00',175,11),
    (305,'2021-08-30 00:00:00',194,28),
    (306,'2021-03-03 00:00:00',156,8),
    (307,'2022-04-19 00:00:00',147,38),
    (308,'2021-11-04 00:00:00',20,31),
    (309,'2022-03-08 00:00:00',158,24),
    (310,'2022-05-04 00:00:00',86,27),
    (311,'2021-02-11 00:00:00',90,39),
    (312,'2022-12-19 00:00:00',293,19),
    (313,'2022-09-10 00:00:00',289,17),
    (314,'2022-09-28 00:00:00',46,7),
    (315,'2021-06-27 00:00:00',166,10),
    (316,'2021-04-28 00:00:00',98,6),
    (317,'2022-09-08 00:00:00',193,32),
    (318,'2021-04-13 00:00:00',249,25),
    (319,'2020-12-09 00:00:00',134,1),
    (320,'2021-08-15 00:00:00',136,22),
    (321,'2022-09-07 00:00:00',123,22),
    (322,'2021-12-30 00:00:00',8,36),
    (323,'2021-04-01 00:00:00',172,13),
    (324,'2021-02-18 00:00:00',200,39),
    (325,'2021-01-03 00:00:00',151,21),
    (326,'2022-12-20 00:00:00',173,31),
    (327,'2022-03-09 00:00:00',207,38),
    (328,'2022-06-10 00:00:00',292,34),
    (329,'2022-03-30 00:00:00',277,19),
    (330,'2022-02-21 00:00:00',286,5),
    (331,'2022-12-28 00:00:00',96,2),
    (332,'2021-02-16 00:00:00',100,27),
    (333,'2022-01-04 00:00:00',259,8),
    (334,'2022-12-17 00:00:00',171,20),
    (335,'2021-03-16 00:00:00',261,23),
    (336,'2021-06-03 00:00:00',81,14),
    (337,'2022-01-15 00:00:00',282,12),
    (338,'2022-08-25 00:00:00',264,9),
    (339,'2022-07-06 00:00:00',37,33),
    (340,'2021-05-14 00:00:00',295,17),
    (341,'2021-06-07 00:00:00',133,25),
    (342,'2022-02-19 00:00:00',236,40),
    (343,'2020-12-11 00:00:00',45,3),
    (344,'2021-12-13 00:00:00',43,28),
    (345,'2021-11-15 00:00:00',168,6),
    (346,'2022-02-24 00:00:00',132,15),
    (347,'2020-12-14 00:00:00',2,32),
    (348,'2022-02-27 00:00:00',228,30),
    (349,'2021-05-06 00:00:00',24,4),
    (350,'2022-07-31 00:00:00',122,29),
    (351,'2021-02-25 00:00:00',150,7),
    (352,'2022-06-13 00:00:00',153,10),
    (353,'2021-04-02 00:00:00',15,18),
    (354,'2022-02-21 00:00:00',31,37),
    (355,'2021-07-28 00:00:00',272,35),
    (356,'2022-02-23 00:00:00',63,1),
    (357,'2021-04-22 00:00:00',58,11),
    (358,'2022-04-24 00:00:00',117,26),
    (359,'2021-05-12 00:00:00',129,24),
    (360,'2021-06-19 00:00:00',108,16),
    (361,'2022-05-16 00:00:00',39,30),
    (362,'2021-02-10 00:00:00',280,11),
    (363,'2022-02-12 00:00:00',241,19),
    (364,'2022-09-02 00:00:00',155,29),
    (365,'2022-08-17 00:00:00',3,8),
    (366,'2022-03-12 00:00:00',270,31),
    (367,'2021-03-17 00:00:00',242,27),
    (368,'2021-04-30 00:00:00',145,1),
    (369,'2021-04-10 00:00:00',21,2),
    (370,'2021-06-13 00:00:00',189,9),
    (371,'2022-06-23 00:00:00',47,35),
    (372,'2022-08-21 00:00:00',30,26),
    (373,'2022-09-01 00:00:00',300,13),
    (374,'2021-02-06 00:00:00',251,32),
    (375,'2022-05-29 00:00:00',141,34),
    (376,'2022-07-29 00:00:00',204,20),
    (377,'2021-09-19 00:00:00',6,14),
    (378,'2021-10-28 00:00:00',201,39),
    (379,'2022-04-06 00:00:00',186,12),
    (380,'2021-09-30 00:00:00',80,40),
    (381,'2022-04-16 00:00:00',101,25),
    (382,'2021-01-30 00:00:00',52,10),
    (383,'2021-12-19 00:00:00',69,7),
    (384,'2022-05-15 00:00:00',102,21),
    (385,'2021-09-05 00:00:00',296,6),
    (386,'2022-01-14 00:00:00',85,3),
    (387,'2022-10-17 00:00:00',294,28),
    (388,'2021-04-29 00:00:00',106,5),
    (389,'2022-02-05 00:00:00',180,38),
    (390,'2022-03-27 00:00:00',10,16),
    (391,'2022-11-28 00:00:00',196,37),
    (392,'2022-06-26 00:00:00',245,33),
    (393,'2021-10-01 00:00:00',94,4),
    (394,'2021-03-19 00:00:00',137,17),
    (395,'2021-05-11 00:00:00',7,24),
    (396,'2021-06-28 00:00:00',278,18),
    (397,'2022-07-18 00:00:00',285,36),
    (398,'2021-06-30 00:00:00',18,23),
    (399,'2022-02-09 00:00:00',76,15),
    (400,'2022-05-14 00:00:00',149,22),
    (401,'2022-02-17 00:00:00',72,40),
    (402,'2021-03-31 00:00:00',51,8),
    (403,'2022-05-21 00:00:00',114,20),
    (404,'2022-08-06 00:00:00',254,25),
    (405,'2021-07-28 00:00:00',252,23),
    (406,'2021-02-20 00:00:00',84,14),
    (407,'2022-02-13 00:00:00',287,38),
    (408,'2021-07-07 00:00:00',212,9),
    (409,'2021-12-02 00:00:00',73,33),
    (410,'2021-12-09 00:00:00',42,4),
    (411,'2022-11-12 00:00:00',78,28),
    (412,'2021-06-16 00:00:00',227,18),
    (413,'2022-05-05 00:00:00',233,37),
    (414,'2022-11-21 00:00:00',223,34),
    (415,'2021-08-28 00:00:00',14,3),
    (416,'2022-12-21 00:00:00',36,2),
    (417,'2021-09-08 00:00:00',55,5),
    (418,'2022-05-15 00:00:00',232,21),
    (419,'2022-10-30 00:00:00',184,31),
    (420,'2021-08-02 00:00:00',177,32),
    (421,'2022-08-16 00:00:00',213,13),
    (422,'2022-06-14 00:00:00',144,1),
    (423,'2021-06-23 00:00:00',146,24),
    (424,'2021-10-06 00:00:00',178,30),
    (425,'2021-04-07 00:00:00',40,29),
    (426,'2021-08-25 00:00:00',97,39),
    (427,'2022-09-26 00:00:00',243,11),
    (428,'2021-12-30 00:00:00',50,17),
    (429,'2021-11-09 00:00:00',273,22),
    (430,'2022-03-03 00:00:00',35,12),
    (431,'2021-09-11 00:00:00',116,27),
    (432,'2021-04-16 00:00:00',104,36),
    (433,'2022-01-09 00:00:00',209,7),
    (434,'2021-07-05 00:00:00',71,6),
    (435,'2022-01-31 00:00:00',75,26),
    (436,'2021-01-07 00:00:00',199,35),
    (437,'2021-09-12 00:00:00',115,10),
    (438,'2021-03-08 00:00:00',17,15),
    (439,'2022-12-21 00:00:00',205,19),
    (440,'2021-12-11 00:00:00',38,16),
    (441,'2021-07-19 00:00:00',41,29),
    (442,'2022-01-15 00:00:00',248,39),
    (443,'2022-10-02 00:00:00',253,7),
    (444,'2021-06-01 00:00:00',215,8),
    (445,'2020-12-24 00:00:00',260,37),
    (446,'2021-08-10 00:00:00',297,5),
    (447,'2022-04-18 00:00:00',59,19),
    (448,'2021-12-17 00:00:00',109,18),
    (449,'2022-05-07 00:00:00',179,24),
    (450,'2021-06-14 00:00:00',32,16),
    (451,'2021-04-13 00:00:00',13,1),
    (452,'2021-02-06 00:00:00',92,22),
    (453,'2021-07-31 00:00:00',5,32),
    (454,'2021-07-09 00:00:00',110,9),
    (455,'2022-01-21 00:00:00',49,30),
    (456,'2021-02-11 00:00:00',210,31),
    (457,'2021-08-14 00:00:00',12,15),
    (458,'2022-08-03 00:00:00',154,34),
    (459,'2021-07-04 00:00:00',16,11),
    (460,'2022-12-17 00:00:00',234,12),
    (461,'2021-07-09 00:00:00',70,3),
    (462,'2021-01-18 00:00:00',54,27),
    (463,'2022-10-13 00:00:00',107,38),
    (464,'2022-09-14 00:00:00',169,6),
    (465,'2022-12-16 00:00:00',83,13),
    (466,'2022-02-16 00:00:00',119,17),
    (467,'2021-10-07 00:00:00',230,28),
    (468,'2022-05-06 00:00:00',28,14),
    (469,'2021-01-25 00:00:00',160,23),
    (470,'2022-05-14 00:00:00',61,35),
    (471,'2022-08-04 00:00:00',240,2),
    (472,'2021-11-05 00:00:00',142,10),
    (473,'2022-08-27 00:00:00',190,4),
    (474,'2022-04-26 00:00:00',226,26),
    (475,'2021-12-19 00:00:00',238,25),
    (476,'2022-07-05 00:00:00',288,36),
    (477,'2022-01-24 00:00:00',165,33),
    (478,'2022-03-24 00:00:00',33,21),
    (479,'2022-11-09 00:00:00',197,40),
    (480,'2022-06-04 00:00:00',218,20),
    (481,'2021-06-07 00:00:00',255,26),
    (482,'2021-06-12 00:00:00',140,36),
    (483,'2021-10-09 00:00:00',68,34),
    (484,'2022-10-02 00:00:00',82,18),
    (485,'2022-01-05 00:00:00',237,35),
    (486,'2021-03-06 00:00:00',148,23),
    (487,'2021-06-03 00:00:00',161,20),
    (488,'2022-04-22 00:00:00',258,2),
    (489,'2022-07-17 00:00:00',190,12),
    (490,'2021-06-02 00:00:00',114,37),
    (491,'2021-01-19 00:00:00',38,16),
    (492,'2022-04-26 00:00:00',239,27),
    (493,'2020-12-28 00:00:00',270,14),
    (494,'2020-12-16 00:00:00',209,32),
    (495,'2021-05-07 00:00:00',173,39),
    (496,'2021-01-10 00:00:00',203,40),
    (497,'2021-07-04 00:00:00',231,10),
    (498,'2021-12-08 00:00:00',107,8),
    (499,'2022-09-19 00:00:00',187,22),
    (500,'2021-02-18 00:00:00',142,13);
INSERT INTO ORDERS1 VALUES
    (501,'2021-07-11 00:00:00',271,5),
    (502,'2022-02-06 00:00:00',274,4),
    (503,'2022-01-18 00:00:00',111,25),
    (504,'2021-10-04 00:00:00',42,15),
    (505,'2020-12-25 00:00:00',279,29),
    (506,'2021-11-22 00:00:00',165,17),
    (507,'2021-12-16 00:00:00',242,33),
    (508,'2021-06-15 00:00:00',234,28),
    (509,'2021-04-27 00:00:00',116,31),
    (510,'2020-12-30 00:00:00',223,24),
    (511,'2021-07-10 00:00:00',180,19),
    (512,'2020-12-12 00:00:00',30,30),
    (513,'2022-05-19 00:00:00',26,38),
    (514,'2022-10-31 00:00:00',252,21),
    (515,'2022-09-20 00:00:00',183,7),
    (516,'2021-05-30 00:00:00',194,11),
    (517,'2022-04-08 00:00:00',154,1),
    (518,'2021-04-07 00:00:00',129,9),
    (519,'2021-05-13 00:00:00',255,6),
    (520,'2022-10-14 00:00:00',46,3),
    (521,'2021-01-23 00:00:00',34,25),
    (522,'2022-06-07 00:00:00',60,16),
    (523,'2022-02-14 00:00:00',219,10),
    (524,'2021-06-13 00:00:00',47,18),
    (525,'2022-06-11 00:00:00',159,3),
    (526,'2021-10-19 00:00:00',221,9),
    (527,'2022-07-23 00:00:00',79,21),
    (528,'2022-08-31 00:00:00',20,15),
    (529,'2022-05-03 00:00:00',153,14),
    (530,'2021-04-29 00:00:00',45,1),
    (531,'2022-03-13 00:00:00',147,32),
    (532,'2022-04-11 00:00:00',174,38),
    (533,'2021-02-12 00:00:00',241,35),
    (534,'2022-12-29 00:00:00',89,11),
    (535,'2022-05-14 00:00:00',202,36),
    (536,'2022-12-09 00:00:00',93,39),
    (537,'2022-08-20 00:00:00',237,26),
    (538,'2022-09-14 00:00:00',144,6),
    (539,'2022-05-25 00:00:00',269,34),
    (540,'2021-02-26 00:00:00',28,19),
    (541,'2021-11-07 00:00:00',261,5),
    (542,'2022-02-19 00:00:00',126,24),
    (543,'2021-10-25 00:00:00',240,37),
    (544,'2021-03-01 00:00:00',87,29),
    (545,'2022-12-19 00:00:00',199,40),
    (546,'2021-04-03 00:00:00',63,7),
    (547,'2021-11-09 00:00:00',119,23),
    (548,'2021-09-18 00:00:00',263,13),
    (549,'2021-09-05 00:00:00',130,2),
    (550,'2021-05-13 00:00:00',208,31),
    (551,'2021-08-26 00:00:00',128,28),
    (552,'2021-04-12 00:00:00',64,8),
    (553,'2022-09-06 00:00:00',24,27),
    (554,'2021-11-14 00:00:00',177,30),
    (555,'2022-10-03 00:00:00',217,20),
    (556,'2021-01-04 00:00:00',189,17),
    (557,'2021-02-11 00:00:00',216,12),
    (558,'2022-08-26 00:00:00',299,4),
    (559,'2022-06-20 00:00:00',124,33),
    (560,'2021-02-06 00:00:00',156,22),
    (561,'2022-05-09 00:00:00',92,31),
    (562,'2021-11-17 00:00:00',168,7),
    (563,'2022-08-21 00:00:00',166,39),
    (564,'2022-03-23 00:00:00',160,26),
    (565,'2021-02-20 00:00:00',249,38),
    (566,'2021-01-08 00:00:00',226,40),
    (567,'2022-04-07 00:00:00',277,14),
    (568,'2021-04-17 00:00:00',171,37),
    (569,'2022-07-03 00:00:00',222,11),
    (570,'2022-07-26 00:00:00',71,3),
    (571,'2022-07-26 00:00:00',11,22),
    (572,'2022-07-18 00:00:00',275,29),
    (573,'2022-05-17 00:00:00',112,24),
    (574,'2022-05-25 00:00:00',35,36),
    (575,'2021-09-22 00:00:00',196,10),
    (576,'2021-12-09 00:00:00',48,2),
    (577,'2021-07-29 00:00:00',137,34),
    (578,'2021-04-03 00:00:00',132,4),
    (579,'2022-05-25 00:00:00',290,20),
    (580,'2022-08-20 00:00:00',141,19),
    (581,'2022-07-12 00:00:00',152,1),
    (582,'2022-04-23 00:00:00',172,30),
    (583,'2021-10-25 00:00:00',184,21),
    (584,'2022-11-13 00:00:00',82,28),
    (585,'2021-12-29 00:00:00',149,33),
    (586,'2022-11-02 00:00:00',238,6),
    (587,'2021-03-06 00:00:00',211,18),
    (588,'2021-06-04 00:00:00',96,13),
    (589,'2022-06-18 00:00:00',273,8),
    (590,'2022-06-17 00:00:00',284,5),
    (591,'2022-10-07 00:00:00',287,16),
    (592,'2022-04-14 00:00:00',243,25),
    (593,'2021-02-25 00:00:00',138,9),
    (594,'2021-12-20 00:00:00',182,12),
    (595,'2021-08-31 00:00:00',13,17),
    (596,'2021-07-23 00:00:00',80,23),
    (597,'2022-03-10 00:00:00',179,15),
    (598,'2022-11-06 00:00:00',85,35),
    (599,'2021-01-31 00:00:00',86,32),
    (600,'2021-12-29 00:00:00',53,27),
    (601,'2021-07-15 00:00:00',78,37),
    (602,'2020-12-30 00:00:00',84,6),
    (603,'2022-05-30 00:00:00',167,10),
    (604,'2022-11-20 00:00:00',106,16),
    (605,'2022-02-05 00:00:00',295,19),
    (606,'2022-02-08 00:00:00',37,3),
    (607,'2021-10-24 00:00:00',178,7),
    (608,'2022-10-08 00:00:00',72,35),
    (609,'2022-02-10 00:00:00',206,17),
    (610,'2022-06-06 00:00:00',280,33),
    (611,'2022-04-19 00:00:00',66,12),
    (612,'2022-08-18 00:00:00',145,9),
    (613,'2022-08-09 00:00:00',289,38),
    (614,'2021-11-15 00:00:00',32,1),
    (615,'2022-11-05 00:00:00',191,14),
    (616,'2021-08-24 00:00:00',232,21),
    (617,'2022-10-22 00:00:00',291,5),
    (618,'2021-10-06 00:00:00',16,11),
    (619,'2022-04-28 00:00:00',9,40),
    (620,'2021-01-22 00:00:00',22,34),
    (621,'2020-12-23 00:00:00',225,31),
    (622,'2021-08-01 00:00:00',256,20),
    (623,'2021-06-02 00:00:00',75,29),
    (624,'2021-04-07 00:00:00',197,4),
    (625,'2022-04-14 00:00:00',150,26),
    (626,'2021-06-23 00:00:00',235,25),
    (627,'2021-01-28 00:00:00',245,32),
    (628,'2022-04-14 00:00:00',99,22),
    (629,'2022-11-25 00:00:00',5,13),
    (630,'2021-09-11 00:00:00',77,18),
    (631,'2021-03-28 00:00:00',207,39),
    (632,'2022-12-12 00:00:00',65,15),
    (633,'2021-04-07 00:00:00',52,30),
    (634,'2021-07-16 00:00:00',115,27),
    (635,'2021-10-20 00:00:00',148,8),
    (636,'2021-10-03 00:00:00',59,23),
    (637,'2021-06-26 00:00:00',12,36),
    (638,'2021-03-06 00:00:00',7,28),
    (639,'2022-05-10 00:00:00',127,24),
    (640,'2022-10-12 00:00:00',39,2),
    (641,'2021-05-14 00:00:00',50,35),
    (642,'2021-01-19 00:00:00',73,30),
    (643,'2021-02-05 00:00:00',61,26),
    (644,'2022-03-29 00:00:00',122,17),
    (645,'2021-04-23 00:00:00',91,14),
    (646,'2021-10-27 00:00:00',121,2),
    (647,'2022-02-03 00:00:00',204,33),
    (648,'2021-03-19 00:00:00',164,5),
    (649,'2022-12-06 00:00:00',227,29),
    (650,'2022-05-27 00:00:00',94,10),
    (651,'2021-03-03 00:00:00',259,13),
    (652,'2021-07-28 00:00:00',236,36),
    (653,'2022-12-30 00:00:00',294,3),
    (654,'2022-10-07 00:00:00',41,20),
    (655,'2020-12-16 00:00:00',2,31),
    (656,'2021-03-22 00:00:00',267,39),
    (657,'2021-03-03 00:00:00',151,23),
    (658,'2021-06-22 00:00:00',212,8),
    (659,'2022-01-11 00:00:00',19,9),
    (660,'2022-01-11 00:00:00',288,25),
    (661,'2021-12-15 00:00:00',120,21),
    (662,'2022-11-30 00:00:00',300,4),
    (663,'2021-06-27 00:00:00',104,6),
    (664,'2021-07-03 00:00:00',110,12),
    (665,'2022-11-01 00:00:00',29,34),
    (666,'2022-02-02 00:00:00',181,37),
    (667,'2021-10-07 00:00:00',18,24),
    (668,'2021-01-20 00:00:00',140,32),
    (669,'2021-09-09 00:00:00',247,1),
    (670,'2022-01-14 00:00:00',285,11),
    (671,'2022-06-17 00:00:00',230,7),
    (672,'2022-12-10 00:00:00',272,15),
    (673,'2021-11-19 00:00:00',15,40),
    (674,'2021-03-31 00:00:00',283,19),
    (675,'2021-12-01 00:00:00',131,38),
    (676,'2022-12-23 00:00:00',185,27),
    (677,'2021-07-27 00:00:00',14,22),
    (678,'2021-11-04 00:00:00',176,18),
    (679,'2022-04-05 00:00:00',258,28),
    (680,'2022-09-05 00:00:00',100,16),
    (681,'2021-06-13 00:00:00',201,20),
    (682,'2022-10-04 00:00:00',23,35),
    (683,'2022-03-30 00:00:00',186,16),
    (684,'2021-11-02 00:00:00',220,18),
    (685,'2022-03-08 00:00:00',146,31),
    (686,'2022-07-06 00:00:00',155,22),
    (687,'2021-10-29 00:00:00',109,30),
    (688,'2021-11-03 00:00:00',6,11),
    (689,'2022-01-26 00:00:00',70,26),
    (690,'2021-09-30 00:00:00',195,3),
    (691,'2021-02-14 00:00:00',97,34),
    (692,'2021-07-19 00:00:00',192,33),
    (693,'2021-02-05 00:00:00',81,5),
    (694,'2020-12-09 00:00:00',297,38),
    (695,'2022-10-13 00:00:00',133,28),
    (696,'2022-09-09 00:00:00',54,13),
    (697,'2022-04-29 00:00:00',218,23),
    (698,'2021-08-01 00:00:00',298,40),
    (699,'2022-09-11 00:00:00',103,10),
    (700,'2021-09-28 00:00:00',251,4),
    (701,'2021-05-12 00:00:00',282,24),
    (702,'2021-07-14 00:00:00',21,27),
    (703,'2022-11-05 00:00:00',123,7),
    (704,'2022-01-14 00:00:00',8,6),
    (705,'2022-09-24 00:00:00',51,39),
    (706,'2021-06-03 00:00:00',76,1),
    (707,'2021-07-13 00:00:00',3,25),
    (708,'2022-12-01 00:00:00',27,14),
    (709,'2021-11-04 00:00:00',213,32),
    (710,'2021-07-02 00:00:00',161,2),
    (711,'2021-04-07 00:00:00',36,29),
    (712,'2021-04-05 00:00:00',281,21),
    (713,'2022-02-25 00:00:00',90,8),
    (714,'2021-10-03 00:00:00',276,17),
    (715,'2021-02-20 00:00:00',139,9),
    (716,'2021-07-16 00:00:00',170,12),
    (717,'2021-03-19 00:00:00',254,15),
    (718,'2021-08-15 00:00:00',233,36),
    (719,'2021-12-25 00:00:00',62,37),
    (720,'2021-10-21 00:00:00',205,19),
    (721,'2022-10-20 00:00:00',200,25),
    (722,'2022-04-04 00:00:00',278,17),
    (723,'2021-09-26 00:00:00',98,22),
    (724,'2021-08-21 00:00:00',293,4),
    (725,'2022-04-19 00:00:00',58,37),
    (726,'2022-04-04 00:00:00',40,11),
    (727,'2022-08-19 00:00:00',74,38),
    (728,'2022-07-29 00:00:00',250,29),
    (729,'2022-04-09 00:00:00',31,21),
    (730,'2021-12-24 00:00:00',1,28),
    (731,'2021-01-23 00:00:00',223,40),
    (732,'2022-01-26 00:00:00',295,5),
    (733,'2022-02-05 00:00:00',99,20),
    (734,'2022-07-21 00:00:00',39,1),
    (735,'2021-09-26 00:00:00',44,15),
    (736,'2022-02-18 00:00:00',266,27),
    (737,'2021-11-21 00:00:00',87,6),
    (738,'2021-09-30 00:00:00',217,36),
    (739,'2021-12-27 00:00:00',159,23),
    (740,'2022-05-02 00:00:00',218,7),
    (741,'2022-05-10 00:00:00',31,9),
    (742,'2022-01-26 00:00:00',90,2),
    (743,'2022-02-20 00:00:00',131,32),
    (744,'2022-10-31 00:00:00',272,39),
    (745,'2021-10-21 00:00:00',47,3),
    (746,'2021-06-18 00:00:00',110,12),
    (747,'2022-03-30 00:00:00',69,26),
    (748,'2022-04-27 00:00:00',123,10),
    (749,'2021-12-29 00:00:00',6,18),
    (750,'2022-02-23 00:00:00',193,30);
INSERT INTO ORDERS1 VALUES
    (751,'2021-02-07 00:00:00',116,19),
    (752,'2022-08-19 00:00:00',177,14),
    (753,'2022-03-02 00:00:00',243,24),
    (754,'2021-04-08 00:00:00',114,31),
    (755,'2021-04-07 00:00:00',57,13),
    (756,'2022-01-24 00:00:00',66,16),
    (757,'2022-09-07 00:00:00',18,8),
    (758,'2021-09-05 00:00:00',192,35),
    (759,'2021-05-05 00:00:00',203,34),
    (760,'2022-07-01 00:00:00',176,33),
    (761,'2022-11-11 00:00:00',204,2),
    (762,'2022-10-03 00:00:00',74,1),
    (763,'2021-09-28 00:00:00',27,16),
    (764,'2021-05-10 00:00:00',202,17),
    (765,'2022-06-01 00:00:00',285,21),
    (766,'2021-04-19 00:00:00',53,9),
    (767,'2022-03-01 00:00:00',281,38),
    (768,'2021-09-11 00:00:00',181,30),
    (769,'2021-03-20 00:00:00',226,27),
    (770,'2022-03-27 00:00:00',79,3),
    (771,'2022-01-24 00:00:00',20,20),
    (772,'2021-03-29 00:00:00',76,10),
    (773,'2022-10-20 00:00:00',2,8),
    (774,'2022-01-14 00:00:00',297,34),
    (775,'2022-02-23 00:00:00',128,24),
    (776,'2021-06-09 00:00:00',102,13),
    (777,'2022-07-07 00:00:00',246,11),
    (778,'2021-08-12 00:00:00',271,14),
    (779,'2022-09-06 00:00:00',120,4),
    (780,'2022-02-14 00:00:00',51,29),
    (781,'2021-10-06 00:00:00',92,35),
    (782,'2021-06-20 00:00:00',155,18),
    (783,'2022-09-21 00:00:00',225,19),
    (784,'2021-11-25 00:00:00',108,36),
    (785,'2022-08-18 00:00:00',274,23),
    (786,'2021-04-02 00:00:00',58,5),
    (787,'2021-12-13 00:00:00',29,6),
    (788,'2022-09-01 00:00:00',186,22),
    (789,'2021-02-27 00:00:00',180,12),
    (790,'2021-02-04 00:00:00',182,39),
    (791,'2021-03-08 00:00:00',143,15),
    (792,'2021-03-17 00:00:00',292,32),
    (793,'2021-09-27 00:00:00',106,7),
    (794,'2021-11-21 00:00:00',1,37),
    (795,'2021-05-21 00:00:00',85,40),
    (796,'2022-02-22 00:00:00',280,28),
    (797,'2022-03-22 00:00:00',139,25),
    (798,'2021-09-08 00:00:00',238,33),
    (799,'2022-04-06 00:00:00',41,26),
    (800,'2021-02-03 00:00:00',244,31),
    (801,'2022-01-29 00:00:00',8,10),
    (802,'2021-09-09 00:00:00',215,16),
    (803,'2022-01-04 00:00:00',216,34),
    (804,'2021-02-28 00:00:00',252,1),
    (805,'2020-12-19 00:00:00',60,28),
    (806,'2021-04-14 00:00:00',15,25),
    (807,'2021-05-27 00:00:00',250,13),
    (808,'2022-03-29 00:00:00',228,30),
    (809,'2022-03-15 00:00:00',91,18),
    (810,'2021-02-16 00:00:00',119,29),
    (811,'2021-12-18 00:00:00',52,22),
    (812,'2022-05-19 00:00:00',63,14),
    (813,'2020-12-28 00:00:00',286,33),
    (814,'2022-12-12 00:00:00',167,8),
    (815,'2021-09-16 00:00:00',140,3),
    (816,'2022-12-08 00:00:00',239,23),
    (817,'2021-03-13 00:00:00',276,37),
    (818,'2021-05-29 00:00:00',55,17),
    (819,'2022-05-08 00:00:00',28,15),
    (820,'2021-10-11 00:00:00',158,21),
    (821,'2021-02-23 00:00:00',214,32),
    (822,'2022-07-20 00:00:00',21,39),
    (823,'2021-11-07 00:00:00',49,5),
    (824,'2021-01-26 00:00:00',190,6),
    (825,'2022-06-24 00:00:00',26,9),
    (826,'2021-01-21 00:00:00',300,20),
    (827,'2022-07-22 00:00:00',175,38),
    (828,'2022-06-23 00:00:00',97,35),
    (829,'2021-01-27 00:00:00',98,24),
    (830,'2021-06-28 00:00:00',170,12),
    (831,'2021-03-23 00:00:00',150,11),
    (832,'2020-12-16 00:00:00',268,31),
    (833,'2022-05-16 00:00:00',187,40),
    (834,'2022-07-14 00:00:00',296,7),
    (835,'2021-11-23 00:00:00',146,19),
    (836,'2021-10-07 00:00:00',16,26),
    (837,'2021-07-08 00:00:00',249,27),
    (838,'2021-09-11 00:00:00',172,36),
    (839,'2021-12-08 00:00:00',13,4),
    (840,'2021-08-11 00:00:00',82,2),
    (841,'2022-05-08 00:00:00',224,38),
    (842,'2020-12-12 00:00:00',77,28),
    (843,'2021-01-07 00:00:00',56,23),
    (844,'2021-07-12 00:00:00',236,36),
    (845,'2020-12-24 00:00:00',287,8),
    (846,'2021-07-21 00:00:00',144,2),
    (847,'2022-07-29 00:00:00',282,3),
    (848,'2022-04-05 00:00:00',229,40),
    (849,'2022-05-22 00:00:00',233,22),
    (850,'2020-12-09 00:00:00',75,24),
    (851,'2022-06-22 00:00:00',72,13),
    (852,'2021-09-30 00:00:00',200,5),
    (853,'2022-10-02 00:00:00',89,10),
    (854,'2021-04-20 00:00:00',275,25),
    (855,'2021-04-21 00:00:00',30,6),
    (856,'2022-05-08 00:00:00',14,21),
    (857,'2022-06-15 00:00:00',264,17),
    (858,'2021-10-07 00:00:00',121,19),
    (859,'2022-01-29 00:00:00',174,18),
    (860,'2022-11-04 00:00:00',130,7),
    (861,'2022-07-22 00:00:00',105,4),
    (862,'2020-12-09 00:00:00',9,16),
    (863,'2022-04-22 00:00:00',219,30),
    (864,'2021-01-23 00:00:00',4,29),
    (865,'2022-12-04 00:00:00',109,37),
    (866,'2022-05-27 00:00:00',113,27),
    (867,'2022-09-03 00:00:00',125,14),
    (868,'2021-08-25 00:00:00',86,39),
    (869,'2021-11-11 00:00:00',124,20),
    (870,'2021-04-30 00:00:00',293,34),
    (871,'2021-04-13 00:00:00',161,15),
    (872,'2021-10-11 00:00:00',70,35),
    (873,'2021-05-07 00:00:00',135,12),
    (874,'2022-02-24 00:00:00',94,33),
    (875,'2021-03-22 00:00:00',195,9),
    (876,'2022-10-05 00:00:00',38,26),
    (877,'2021-07-28 00:00:00',126,11),
    (878,'2022-10-25 00:00:00',245,31),
    (879,'2021-01-17 00:00:00',160,1),
    (880,'2021-09-23 00:00:00',253,32),
    (881,'2022-03-10 00:00:00',147,24),
    (882,'2021-10-18 00:00:00',35,38),
    (883,'2021-08-13 00:00:00',68,31),
    (884,'2021-11-24 00:00:00',101,19),
    (885,'2021-05-05 00:00:00',117,10),
    (886,'2021-05-27 00:00:00',294,2),
    (887,'2021-08-21 00:00:00',12,26),
    (888,'2021-10-06 00:00:00',54,34),
    (889,'2022-03-21 00:00:00',201,1),
    (890,'2021-05-29 00:00:00',189,12),
    (891,'2022-12-09 00:00:00',25,23),
    (892,'2022-11-02 00:00:00',227,14),
    (893,'2022-04-23 00:00:00',194,4),
    (894,'2021-08-27 00:00:00',209,3),
    (895,'2022-11-06 00:00:00',137,13),
    (896,'2021-12-26 00:00:00',211,32),
    (897,'2022-07-28 00:00:00',222,36),
    (898,'2022-07-11 00:00:00',163,17),
    (899,'2021-07-21 00:00:00',138,11),
    (900,'2021-03-25 00:00:00',42,40),
    (901,'2021-01-08 00:00:00',254,7),
    (902,'2021-08-03 00:00:00',151,21),
    (903,'2022-03-30 00:00:00',145,15),
    (904,'2022-09-26 00:00:00',255,29),
    (905,'2021-01-20 00:00:00',83,37),
    (906,'2022-11-30 00:00:00',198,5),
    (907,'2022-01-27 00:00:00',232,39),
    (908,'2022-10-09 00:00:00',162,28),
    (909,'2020-12-02 00:00:00',84,16),
    (910,'2022-08-01 00:00:00',270,9),
    (911,'2020-12-13 00:00:00',183,20),
    (912,'2022-03-07 00:00:00',129,35),
    (913,'2021-11-02 00:00:00',46,18),
    (914,'2022-02-03 00:00:00',32,8),
    (915,'2021-10-04 00:00:00',173,22),
    (916,'2022-07-27 00:00:00',234,30),
    (917,'2022-05-18 00:00:00',71,27),
    (918,'2022-12-07 00:00:00',165,6),
    (919,'2021-02-28 00:00:00',7,25),
    (920,'2022-05-23 00:00:00',122,33),
    (921,'2021-12-07 00:00:00',40,39),
    (922,'2021-05-06 00:00:00',208,35),
    (923,'2021-08-23 00:00:00',289,17),
    (924,'2022-07-29 00:00:00',62,31),
    (925,'2022-08-21 00:00:00',112,10),
    (926,'2022-11-29 00:00:00',61,28),
    (927,'2022-04-09 00:00:00',196,13),
    (928,'2021-02-06 00:00:00',36,4),
    (929,'2022-10-05 00:00:00',80,22),
    (930,'2022-11-18 00:00:00',141,27),
    (931,'2021-06-29 00:00:00',207,14),
    (932,'2022-02-08 00:00:00',283,15),
    (933,'2021-09-21 00:00:00',235,33),
    (934,'2022-01-15 00:00:00',45,16),
    (935,'2021-10-19 00:00:00',17,23),
    (936,'2021-04-30 00:00:00',22,1),
    (937,'2021-02-12 00:00:00',241,19),
    (938,'2022-07-02 00:00:00',73,12),
    (939,'2021-10-28 00:00:00',231,3),
    (940,'2022-06-15 00:00:00',132,34),
    (941,'2022-05-20 00:00:00',65,9),
    (942,'2021-07-01 00:00:00',179,40),
    (943,'2022-04-18 00:00:00',152,21),
    (944,'2022-03-31 00:00:00',171,5),
    (945,'2022-04-02 00:00:00',156,2),
    (946,'2021-03-31 00:00:00',257,30),
    (947,'2022-06-16 00:00:00',10,6),
    (948,'2022-05-30 00:00:00',95,11),
    (949,'2022-04-16 00:00:00',78,26),
    (950,'2022-06-09 00:00:00',118,32),
    (951,'2021-04-15 00:00:00',43,38),
    (952,'2022-08-10 00:00:00',169,24),
    (953,'2021-08-31 00:00:00',267,20),
    (954,'2022-10-14 00:00:00',34,37),
    (955,'2022-07-28 00:00:00',157,7),
    (956,'2021-09-12 00:00:00',299,8),
    (957,'2022-02-12 00:00:00',115,18),
    (958,'2021-09-26 00:00:00',50,25),
    (959,'2022-12-24 00:00:00',247,29),
    (960,'2021-07-15 00:00:00',197,36),
    (961,'2022-06-22 00:00:00',100,18),
    (962,'2022-06-25 00:00:00',269,5),
    (963,'2022-09-02 00:00:00',164,23),
    (964,'2021-07-03 00:00:00',142,14),
    (965,'2022-07-02 00:00:00',251,38),
    (966,'2022-04-29 00:00:00',258,8),
    (967,'2020-12-09 00:00:00',277,26),
    (968,'2022-09-17 00:00:00',148,28),
    (969,'2022-05-31 00:00:00',278,16),
    (970,'2022-02-16 00:00:00',199,29),
    (971,'2021-10-18 00:00:00',154,6),
    (972,'2022-08-01 00:00:00',295,24),
    (973,'2021-08-13 00:00:00',177,9),
    (974,'2021-06-18 00:00:00',230,3),
    (975,'2022-04-28 00:00:00',110,2),
    (976,'2022-11-10 00:00:00',21,31),
    (977,'2022-05-21 00:00:00',158,13),
    (978,'2022-11-05 00:00:00',274,25),
    (979,'2021-06-23 00:00:00',262,1),
    (980,'2021-02-20 00:00:00',12,32),
    (981,'2021-09-30 00:00:00',133,19),
    (982,'2021-09-04 00:00:00',134,17),
    (983,'2021-11-17 00:00:00',211,39),
    (984,'2022-07-03 00:00:00',147,10),
    (985,'2021-10-03 00:00:00',170,40),
    (986,'2021-10-17 00:00:00',252,4),
    (987,'2022-09-27 00:00:00',128,11),
    (988,'2021-12-09 00:00:00',184,21),
    (989,'2021-06-18 00:00:00',113,30),
    (990,'2021-09-19 00:00:00',293,15),
    (991,'2021-03-17 00:00:00',187,33),
    (992,'2021-04-10 00:00:00',155,12),
    (993,'2021-02-13 00:00:00',271,34),
    (994,'2022-03-25 00:00:00',126,37),
    (995,'2022-08-06 00:00:00',241,20),
    (996,'2022-07-12 00:00:00',171,35),
    (997,'2022-03-01 00:00:00',228,22),
    (998,'2022-05-16 00:00:00',268,36),
    (999,'2022-06-22 00:00:00',151,27),
    (1000,'2021-09-05 00:00:00',112,7);

 select 
 
 
 
 
 
 
 
 
 









  















