CREATE SCHEMA STORE_MANAGEMENT_SYSTEM;
USE STORE_MANAGEMENT_SYSTEM;
CREATE TABLE STORE (
    STORE_ID int NOT NULL,
    STORE_NAME varchar(255) NOT NULL,
    PHONE_NUMBER varchar(50),
    ADDRESS VARCHAR(100),
    PRIMARY KEY (STORE_ID)
);
INSERT INTO STORE VALUES
    (1,'Herman-Lindgren','728-736-4789','77 Dovetail Circle'),
    (2,'Predovic-Kling','368-571-7897','49466 Brown Park'),
    (3,'Walker LLC','331-543-7511','53 3rd Point'),
    (4,'Klein Inc','558-736-7730','99 Riverside Drive'),
    (5,'Heaney, Cronin and Gerlach','919-952-3116','4108 Bluestem Plaza'),
    (6,'Zieme-Langosh','673-212-4481','02 Mcbride Point'),
    (7,'Jones Inc','105-713-8725','87 Golf Alley'),
    (8,'Lubowitz and Sons','536-395-8861','2272 Bayside Parkway'),
    (9,'Kovacek, Rodriguez and Kohler','740-182-2949','6 Rowland Hill'),
    (10,'Bergstrom-Schmitt','284-338-6160','920 Blaine Avenue');
    
CREATE TABLE EMPLOYEE (
    EMPLOYEE_ID int NOT NULL,
    LastName varchar(255) NOT NULL,
    FirstName varchar(255),
    PHONE_NUMBER varchar(50),
    SALARY INT,
    STORE_ID INT,
    PRIMARY KEY (EMPLOYEE_ID),
    FOREIGN KEY (STORE_ID) REFERENCES STORE(STORE_ID)
);
SELECT * FROM EMPLOYEE;
INSERT INTO EMPLOYEE VALUES
    (1,'Cleveland','Kermode','596-514-8827',6874,8),
    (2,'Pavlov','Bernholt','806-557-1906',3871,9),
    (3,'Alanna','Anscott','805-185-2607',4645,5),
    (4,'Larissa','Bruton','735-587-2351',1044,10),
    (5,'Loretta','Kaes','340-374-2432',4346,7),
    (6,'Robb','Pirazzi','209-615-1690',7169,7),
    (7,'Sayre','Boyland','339-945-3988',8181,1),
    (8,'Alfonso','Hyam','263-820-8273',5938,3),
    (9,'Petra','Duffrie','294-991-0408',7345,4),
    (10,'Angelique','Mepham','207-574-1227',4479,8),
    (11,'Essy','Ternott','633-913-2544',8062,1),
    (12,'Northrup','Chasson','804-446-9138',8334,2),
    (13,'Charissa','Stithe','105-435-3712',1984,5),
    (14,'Bronnie','Cakebread','383-100-1012',8514,7),
    (15,'Nanni','Mulvany','605-323-7558',3357,10),
    (16,'Saundra','MacInerney','279-532-0546',7543,2),
    (17,'Stephanie','Smetoun','769-689-9424',7433,10),
    (18,'Nonnah','Shrawley','918-125-4932',5015,8),
    (19,'Wes','Clymo','906-384-8546',1873,9),
    (20,'Bartlett','Scardafield','819-416-9457',9774,4),
    (21,'Zulema','Carling','851-351-6916',2543,10),
    (22,'Janna','Gahagan','574-947-2711',6467,8),
    (23,'Concettina','Caston','443-167-5092',2301,9),
    (24,'Lorrin','Bortoluzzi','821-645-5148',5261,3),
    (25,'Donnie','Roseaman','849-408-0984',3677,7),
    (26,'Pattin','Albin','175-835-2151',5216,10),
    (27,'Marybelle','Dubery','985-203-5305',9043,1),
    (28,'Johnath','Kilmister','369-647-3237',6498,5),
    (29,'Shay','Pitrasso','601-958-0979',6204,7),
    (30,'Chloris','Sexten','565-984-5389',9449,2),
    (31,'Tyne','Dunston','580-783-8950',9138,6),
    (32,'Cari','Piolli','380-890-5331',2250,1),
    (33,'Cy','Sproule','924-813-5041',5759,2),
    (34,'Natassia','Debrick','773-227-7034',3729,5),
    (35,'Vivien','Cahalin','314-364-7305',2732,3),
    (36,'Fanchon','Ellard','589-434-9504',9787,3),
    (37,'Burnard','Remmer','480-781-1160',5832,9),
    (38,'Alisun','Meharry','490-927-9065',6609,1),
    (39,'Camile','Grim','719-160-9163',6993,10),
    (40,'Pippy','Gabriel','899-757-5603',2181,6),
    (41,'Shea','Shervil','865-230-5252',1666,1),
    (42,'Bobette','Soden','663-485-4020',2474,5),
    (43,'Hermann','Swatton','869-773-3761',2933,6),
    (44,'Artemas','Revel','482-670-5119',4145,8),
    (45,'Twila','McGeraghty','968-120-0911',4108,10),
    (46,'Filberto','Forri','978-453-7365',5301,3),
    (47,'Vanessa','Messenger','544-850-6086',4594,9),
    (48,'Ty','Fawthrop','360-527-0696',1349,7),
    (49,'Joelly','Flatley','576-725-8429',3993,4),
    (50,'Suzanne','Higgonet','308-270-5693',8147,10),
    (51,'Oliy','Davenall','432-473-5891',6127,3),
    (52,'Horten','Schimann','788-300-2890',3382,5),
    (53,'Corrine','Westmancoat','949-856-5749',9910,10),
    (54,'Jerrilee','Digwood','917-588-1009',7554,2),
    (55,'Raffaello','Coney','599-969-4717',6940,7),
    (56,'Garfield','McMillian','234-574-5430',1604,4),
    (57,'Aubine','Bolstridge','821-240-2949',8159,1),
    (58,'Bidget','Slay','994-219-6575',5607,10),
    (59,'Aeriel','Gerardot','646-970-8903',6543,5),
    (60,'Dudley','Vittore','644-641-5731',7591,3),
    (61,'Bernette','Lente','721-961-0655',5692,2),
    (62,'Loraine','Shatliff','751-659-3169',3247,8),
    (63,'Finn','Pullar','777-886-8334',7167,10),
    (64,'Aleksandr','Matthew','778-701-5063',2046,3),
    (65,'Nadine','Capsey','159-459-8237',5955,5),
    (66,'Maxie','Vickar','994-652-5038',1077,3),
    (67,'Wald','Alvarado','576-242-0902',4178,4),
    (68,'Lily','Pexton','320-396-0423',1418,1),
    (69,'Eugine','Caseley','478-504-7630',8083,9),
    (70,'Corty','Genike','780-979-8739',7108,10),
    (71,'Carlie','Astbury','871-158-5184',7074,9),
    (72,'Desmund','Tefft','328-271-3470',9877,2),
    (73,'Karrah','Reams','975-505-2820',4718,1),
    (74,'Carol','Jeroch','139-963-7886',7000,5),
    (75,'Opalina','Tingley','477-802-9879',5122,10),
    (76,'Hadley','Demschke','318-809-0420',2921,9),
    (77,'Loydie','Aymeric','595-269-0754',1519,7),
    (78,'Beatriz','Blackboro','922-737-0770',7586,10),
    (79,'Georgetta','Ragless','521-841-7361',8211,5),
    (80,'Shaun','Meekin','501-106-4219',3024,3),
    (81,'Salem','Atwel','174-908-8000',9930,7),
    (82,'Buffy','Whiteley','479-354-7756',7457,8),
    (83,'Anabel','Rouse','347-285-5006',1068,9),
    (84,'Alayne','Fullerlove','261-621-9562',4771,4),
    (85,'Peta','Bricket','561-431-4476',6678,3),
    (86,'Lilllie','Gages','317-611-5416',6943,2),
    (87,'Cortney','Jeary','491-452-4306',3090,10),
    (88,'Simona','Mallan','604-724-1307',9775,4),
    (89,'Annamarie','Olanda','696-959-0429',7700,1),
    (90,'Kimberli','Bonny','436-663-1907',6701,9),
    (91,'Janifer','Atger','513-375-3333',6671,2),
    (92,'Helenka','Bowell','741-595-5027',1199,10),
    (93,'Welby','Janovsky','920-461-5979',7546,1),
    (94,'Gaby','Pomfret','111-487-5530',5626,4),
    (95,'Branden','Bartolomeazzi','378-215-0646',6988,9),
    (96,'Jackie','Ianetti','871-782-8058',1030,3),
    (97,'Sherm','Yushachkov','784-947-0388',9356,2),
    (98,'Arlan','Gorstidge','914-523-8693',3453,6),
    (99,'Tonye','Scogin','121-947-0453',5581,4),
    (100,'Nollie','MacVagh','905-318-7553',4864,10);
    
ALTER TABLE STORE ADD MANAGER_ID INT;
    
ALTER TABLE STORE
ADD FOREIGN KEY (MANAGER_ID) REFERENCES EMPLOYEE(EMPLOYEE_ID);

SELECT * FROM STORE;
UPDATE STORE SET MANAGER_ID=1 WHERE STORE_ID=1;
UPDATE STORE SET MANAGER_ID=2 WHERE STORE_ID=2;
UPDATE STORE SET MANAGER_ID=3 WHERE STORE_ID=3;
UPDATE STORE SET MANAGER_ID=4 WHERE STORE_ID=4;
UPDATE STORE SET MANAGER_ID=5 WHERE STORE_ID=5;
UPDATE STORE SET MANAGER_ID=6 WHERE STORE_ID=6;
UPDATE STORE SET MANAGER_ID=7 WHERE STORE_ID=7;
UPDATE STORE SET MANAGER_ID=8 WHERE STORE_ID=8;
UPDATE STORE SET MANAGER_ID=9 WHERE STORE_ID=9;
UPDATE STORE SET MANAGER_ID=10 WHERE STORE_ID=10;
CREATE TABLE SUPPLIER (
    SUPPLIER_ID int NOT NULL,
    SUPPLIER_NAME varchar(255) NOT NULL,
    PHONE_NUMBER varchar(50),
    ADDRESS VARCHAR(255),
    PRIMARY KEY (SUPPLIER_ID)
);
INSERT INTO SUPPLIER VALUES
    (1,'Mickie Paddock','927-584-5302','4341 Sommers Avenue'),
    (2,'Alexandro Rootes','544-249-7049','28 Holy Cross Park'),
    (3,'Jori Escot','979-404-2525','555 Pine View Avenue'),
    (4,'Colan Ferraretto','793-232-5268','16 Dorton Way'),
    (5,'Lyndell Hanmore','139-339-7067','678 Birchwood Pass'),
    (6,'Dorie McRobb','726-529-5392','3 Old Shore Road'),
    (7,'Eddy Trundell','475-214-0495','51 Starling Avenue'),
    (8,'Jade Tipper','718-606-1074','007 Warner Avenue'),
    (9,'Essy Mournian','710-724-6274','7 Hazelcrest Court'),
    (10,'Sorcha Cunde','214-715-0135','35092 Center Hill'),
    (11,'Rhys Bellard','553-379-8117','6 Scoville Park'),
    (12,'Marnie Cardo','444-725-1150','80 Carey Drive'),
    (13,'Lock Baldrick','813-275-8760','109 Walton Court'),
    (14,'Itch Priddy','335-918-2649','77 Buena Vista Drive'),
    (15,'Johannes Newman','698-745-9705','2328 Pine View Circle'),
    (16,'Fraser Allain','245-142-0242','09273 Farragut Avenue'),
    (17,'Debby Braybrooks','829-124-7389','2 Duke Point'),
    (18,'Lavinia Flawith','371-342-6905','416 Cody Place'),
    (19,'Mavis Andreou','919-950-1996','160 Forest Run Pass'),
    (20,'Shaughn Maile','687-279-6829','538 Melody Pass'),
    (21,'Olenolin Lodevick','129-961-3839','359 Hoard Lane'),
    (22,'Niall Salandino','476-635-9975','18 Straubel Plaza'),
    (23,'Adelle Garard','710-749-3442','52 Dakota Avenue'),
    (24,'Elvina Dehm','516-785-7684','46141 Merchant Park'),
    (25,'Tonia Feake','720-119-9526','80 Badeau Crossing'),
    (26,'Xenos Harniman','695-451-4587','414 Haas Place'),
    (27,'Mark Rockingham','262-424-2470','2501 Ridge Oak Street'),
    (28,'Malory Roarty','585-846-1845','5 Vermont Avenue'),
    (29,'Sheela Ivashnikov','136-508-6486','6 Superior Circle'),
    (30,'Marjie Lars','456-167-6656','2489 Miller Plaza'),
    (31,'Janeen Volet','431-449-6429','798 Toban Avenue'),
    (32,'Lucia Majury','141-755-0237','2 Northport Place'),
    (33,'Bart Shillito','911-770-9422','6 Mifflin Pass'),
    (34,'Ursa Withers','445-810-5984','9748 Mifflin Circle'),
    (35,'Jessika Chretien','952-286-1417','17789 Buhler Court'),
    (36,'Valera Pleasance','444-927-6655','31 Toban Drive'),
    (37,'Alwin Tidbold','265-608-5120','16 Killdeer Center'),
    (38,'Xenia Fontes','628-830-7304','827 Mcbride Lane'),
    (39,'Llewellyn Hedderly','526-211-7761','2 Texas Place'),
    (40,'Willabella Elesander','983-770-1768','76645 Schurz Place'),
    (41,'Oswell Buchan','338-978-8269','5629 Bartelt Drive'),
    (42,'Aila Bardwell','420-453-7247','82220 Heath Pass'),
    (43,'Tallou Mowsdale','353-146-0488','4466 6th Trail'),
    (44,'Grover Sacco','701-157-0854','1721 Del Sol Crossing'),
    (45,'Farrand Rizzi','232-986-5496','7895 Spohn Pass'),
    (46,'Harriette Loram','664-554-6895','819 Haas Court'),
    (47,'Donn Enoksson','241-542-5420','45 Katie Crossing'),
    (48,'Ricca Fox','926-633-0019','4716 Transport Park'),
    (49,'Kari McLukie','624-984-2772','6 Kings Street'),
    (50,'Horatia Ferryman','372-555-0535','4 Nevada Way');
    SELECT * FROM SUPPLIER;
    CREATE TABLE STORE_SUPPLIER (
    STORE_ID int NOT NULL,
    SUPPLIER_ID INT NOT NULL,
    PRIMARY KEY (STORE_ID,SUPPLIER_ID),
    FOREIGN KEY (STORE_ID) REFERENCES STORE(STORE_ID),
    FOREIGN KEY (SUPPLIER_ID) REFERENCES SUPPLIER(SUPPLIER_ID)
);
INSERT INTO STORE_SUPPLIER VALUES
    (4,38),
    (9,14),
    (10,37),
    (6,12),
    (3,4),
    (5,32),
    (9,16),
    (1,24),
    (6,2),
    (3,44),
    (4,16),
    (1,22),
    (8,24),
    (3,21),
    (5,4),
    (8,28),
    (7,20),
    (6,46),
    (2,37),
    (10,34),
    (9,35),
    (1,19),
    (8,27),
    (7,6),
    (5,20),
    (7,49),
    (5,46),
    (9,1),
    (1,28),
    (10,24),
    (7,36),
    (1,14),
    (8,6),
    (3,19),
    (9,36),
    (2,2),
    (5,21),
    (7,28),
    (6,41),
    (2,15),
    (3,41),
    (9,18),
    (4,31),
    (1,46),
    (8,2),
    (9,25),
    (2,8),
    (5,49),
    (10,9),
    (10,43),
    (9,7),
    (8,48),
    (2,12),
    (3,30),
    (7,34),
    (6,28),
    (9,33),
    (1,12),
    (2,20),
    (4,47),
    (2,40),
    (7,26),
    (10,19),
    (7,37),
    (6,22),
    (10,2),
    (7,21),
    (4,13),
    (10,39),
    (6,48),
    (3,28),
    (8,16),
    (3,5),
    (4,33),
    (10,35),
    (1,33),
    (9,27),
    (7,11),
    (6,43),
    (8,34),
    (6,35),
    (8,13),
    (4,17),
    (10,20),
    (8,44),
    (5,11),
    (9,40),
    (3,20),
    (7,25);
CREATE TABLE CATEGORY (
    CATEGORY_ID int NOT NULL,
    CATEGORY_NAME VARCHAR(255),
    PRIMARY KEY (CATEGORY_ID)
);
INSERT INTO CATEGORY VALUES
    (1,'AVOCADO'),
    (2,'Triamcinolone Acetonide'),
    (3,'Natural Cherry Honey Herb Throat Drops'),
    (4,'Diphenhydramine Hydrochloride'),
    (5,'Levocetirizine Dihydrochloride'),
    (6,'Gabapentin'),
    (7,'Hydroxyzine Pamoate'),
    (8,'careone severe sinus congestion and pain'),
    (9,'Servo Stat BAC'),
    (10,'Loratadine'),
    (11,'LOVEA'),
    (12,'Clonazepam'),
    (13,'Peanut'),
    (14,'Epinephrine'),
    (15,'Leucovorin Calcium'),
    (16,'Trihexyphenidyl hydrochloride'),
    (17,'Flaxseed'),
    (18,'Alcare OR Foamed Antiseptic Handrub'),
    (19,'Ibuprofen'),
    (20,'Minocycline Hydrochloride'),
    (21,'napoleon PERDIS ADVANCED MINERAL MAKEUP BROAD SPECTRUM SPF 15 Look 4'),
    (22,'Antibacterial Moist Wipes'),
    (23,'Trichoderma harzianam'),
    (24,'AZO'),
    (25,'Laxative'),
    (26,'Topcare Naproxen Sodium'),
    (27,'Warfarin Sodium'),
    (28,'HELIOX'),
    (29,'LBEL divine lip gloss SPF 15'),
    (30,'Secret Outlast Invisible'),
    (31,'Sumatriptan'),
    (32,'1 Bladder'),
    (33,'Zithromax'),
    (34,'Eagle'),
    (35,'Fluconazole'),
    (36,'LONG-WEAR EVEN FINISH FOUNDATION BROAD SPECTRUM SPF 15'),
    (37,'KALI CARBONICUM'),
    (38,'Glo Scinece'),
    (39,'RANITIDINE'),
    (40,'Soft Care Foaming Antibacterial Hand');
    CREATE TABLE PRODUCT (
    PRODUCT_ID int NOT NULL,
    PRODUCT_NAME varchar(255) NOT NULL,
    PRICE DECIMAL(10,3),
    EXPIRY_DATE DATE,
    CATEGORY_ID INT NOT NULL,
    SUPPLIER_ID INT NOT NULL,
    PRIMARY KEY (PRODUCT_ID),
    FOREIGN KEY (SUPPLIER_ID) REFERENCES SUPPLIER(SUPPLIER_ID),
    FOREIGN KEY (CATEGORY_ID) REFERENCES CATEGORY(CATEGORY_ID)
);
INSERT INTO PRODUCT VALUES
    (1,'Pomello',55.1,'2021-11-21 00:00:00',11,2),
    (2,'Milk - 1%',16.87,'2021-12-25 00:00:00',9,48),
    (3,'Squash - Guords',57.35,'2021-12-13 00:00:00',13,46),
    (4,'Pancetta',1.11,'2022-02-25 00:00:00',20,28),
    (5,'Beef - Top Butt Aaa',13.65,'2021-11-26 00:00:00',36,1),
    (6,'Celery Root',53.0,'2022-07-18 00:00:00',34,40),
    (7,'Allspice - Jamaican',57.08,'2022-02-27 00:00:00',1,31),
    (8,'Island Oasis - Banana Daiquiri',46.5,'2021-12-06 00:00:00',12,7),
    (9,'Cheese - Manchego, Spanish',92.53,'2021-12-30 00:00:00',7,20),
    (10,'Potatoes - Idaho 100 Count',15.01,'2022-02-22 00:00:00',26,15),
    (11,'Bread - Roll, Whole Wheat',73.71,'2022-01-30 00:00:00',9,15),
    (12,'Marsala - Sperone, Fine, D.o.c.',71.49,'2022-09-07 00:00:00',27,12),
    (13,'Lettuce - Radicchio',52.03,'2022-06-17 00:00:00',14,22),
    (14,'Split Peas - Yellow, Dry',53.7,'2022-08-15 00:00:00',29,47),
    (15,'Coffee - Decafenated',12.55,'2022-07-06 00:00:00',28,26),
    (16,'Tabasco Sauce, 2 Oz',67.0,'2022-02-16 00:00:00',1,43),
    (17,'Potatoes - Parissienne',87.63,'2022-10-18 00:00:00',3,13),
    (18,'Dried Apple',39.4,'2021-12-07 00:00:00',18,27),
    (19,'Cheese - Cambozola',33.71,'2022-09-26 00:00:00',34,34),
    (20,'Wine - White, Riesling, Henry Of',32.33,'2022-11-09 00:00:00',37,20),
    (21,'Crackers Cheez It',65.23,'2022-03-14 00:00:00',29,46),
    (22,'Coke - Diet, 355 Ml',99.59,'2022-04-12 00:00:00',24,49),
    (23,'Lamb - Whole, Fresh',61.0,'2021-12-14 00:00:00',19,27),
    (24,'Coffee - French Vanilla Frothy',47.86,'2021-12-10 00:00:00',11,19),
    (25,'Spice - Peppercorn Melange',71.79,'2022-01-13 00:00:00',8,40),
    (26,'Appetizer - Crab And Brie',75.04,'2022-10-21 00:00:00',38,38),
    (27,'Tart - Raisin And Pecan',96.98,'2022-01-10 00:00:00',32,9),
    (28,'Ice Cream - Chocolate',3.21,'2022-08-10 00:00:00',21,48),
    (29,'Trueblue - Blueberry',71.02,'2022-03-13 00:00:00',39,37),
    (30,'Tea - Camomele',33.81,'2021-12-09 00:00:00',36,3),
    (31,'Wine - Ice Wine',91.74,'2022-01-16 00:00:00',7,15),
    (32,'Cheese Cheddar Processed',2.3,'2022-02-06 00:00:00',21,35),
    (33,'Soup - French Onion, Dry',18.07,'2022-03-24 00:00:00',32,37),
    (34,'Pur Source',93.09,'2022-09-28 00:00:00',4,6),
    (35,'Pate - Peppercorn',84.74,'2022-01-08 00:00:00',17,2),
    (36,'Appetizer - Lobster Phyllo Roll',20.45,'2021-11-19 00:00:00',33,30),
    (37,'Bar Bran Honey Nut',42.81,'2022-10-22 00:00:00',40,47),
    (38,'Flour - Whole Wheat',96.58,'2022-08-29 00:00:00',29,44),
    (39,'Pasta - Elbows, Macaroni, Dry',87.27,'2022-08-25 00:00:00',34,27),
    (40,'French Pastries',67.52,'2022-02-03 00:00:00',18,40),
    (41,'Kellogs Cereal In A Cup',15.46,'2022-06-18 00:00:00',8,41),
    (42,'Miso Paste White',51.56,'2022-05-04 00:00:00',39,16),
    (43,'Tart Shells - Savory, 3',69.93,'2022-11-15 00:00:00',20,26),
    (44,'Lobster - Base',2.74,'2022-07-17 00:00:00',11,40),
    (45,'Beef - Kindney, Whole',30.75,'2022-07-31 00:00:00',19,45),
    (46,'Lettuce - California Mix',92.86,'2022-01-12 00:00:00',4,28),
    (47,'Anchovy In Oil',53.05,'2022-06-22 00:00:00',21,11),
    (48,'Beer - Rickards Red',58.32,'2022-03-10 00:00:00',40,42),
    (49,'Longos - Grilled Veg Sandwiches',54.96,'2022-07-17 00:00:00',1,10),
    (50,'Rabbit - Legs',76.57,'2022-04-05 00:00:00',34,49),
    (51,'Asparagus - Mexican',90.64,'2022-08-13 00:00:00',20,26),
    (52,'Peppercorns - Green',11.14,'2022-08-15 00:00:00',2,36),
    (53,'Chicken - Leg / Back Attach',56.11,'2022-11-11 00:00:00',6,4),
    (54,'Wine - Shiraz South Eastern',65.79,'2022-11-05 00:00:00',28,41),
    (55,'Veal - Loin',86.48,'2022-05-01 00:00:00',26,38),
    (56,'Barramundi',55.31,'2021-12-22 00:00:00',33,35),
    (57,'Flour - Strong',96.52,'2022-07-05 00:00:00',22,34),
    (58,'Mackerel Whole Fresh',5.51,'2022-04-24 00:00:00',15,27),
    (59,'Stock - Chicken, White',41.65,'2022-03-16 00:00:00',12,3),
    (60,'Cheese - Swiss',60.07,'2021-11-26 00:00:00',11,50),
    (61,'Skirt - 24 Foot',87.0,'2022-10-07 00:00:00',36,42),
    (62,'Bandage - Finger Cots',16.79,'2022-07-16 00:00:00',27,5),
    (63,'Pepper - Red Bell',47.12,'2022-06-06 00:00:00',30,38),
    (64,'Orange Roughy 6/8 Oz',27.39,'2022-05-24 00:00:00',25,33),
    (65,'Banana - Leaves',7.8,'2022-01-26 00:00:00',20,30),
    (66,'Cherries - Fresh',95.64,'2022-04-27 00:00:00',15,23),
    (67,'Curry Paste - Madras',55.97,'2022-01-04 00:00:00',2,43),
    (68,'Fennel - Seeds',40.67,'2022-11-08 00:00:00',17,31),
    (69,'Wine - Placido Pinot Grigo',28.72,'2022-05-15 00:00:00',35,40),
    (70,'Sprouts - China Rose',17.65,'2022-02-18 00:00:00',13,35),
    (71,'Beets - Golden',27.23,'2022-09-09 00:00:00',4,33),
    (72,'Flour - Cake',32.09,'2022-06-15 00:00:00',30,38),
    (73,'Ham - Cooked Italian',82.58,'2022-10-10 00:00:00',31,27),
    (74,'Brownies - Two Bite, Chocolate',67.58,'2022-04-29 00:00:00',36,23),
    (75,'Beef - Top Sirloin - Aaa',83.78,'2022-08-07 00:00:00',10,20),
    (76,'Capers - Ox Eye Daisy',81.39,'2022-05-06 00:00:00',32,19),
    (77,'Mackerel Whole Fresh',45.04,'2021-12-25 00:00:00',13,30),
    (78,'Chips - Assorted',68.08,'2022-01-01 00:00:00',34,6),
    (79,'Gatorade - Lemon Lime',25.95,'2021-11-30 00:00:00',12,11),
    (80,'Flour - Bran, Red',38.67,'2022-04-16 00:00:00',9,36),
    (81,'Paste - Black Olive',77.7,'2022-01-05 00:00:00',29,37),
    (82,'Lemonade - Strawberry, 591 Ml',64.97,'2022-07-01 00:00:00',25,23),
    (83,'Liquid Aminios Acid - Braggs',23.55,'2022-09-25 00:00:00',24,26),
    (84,'Tuna - Fresh',2.4,'2022-05-04 00:00:00',38,46),
    (85,'V8 - Berry Blend',73.48,'2022-03-18 00:00:00',8,42),
    (86,'Tuna - Bluefin',68.54,'2022-06-30 00:00:00',34,48),
    (87,'Flour - Whole Wheat',83.08,'2022-06-17 00:00:00',39,30),
    (88,'Ecolab - Solid Fusion',16.01,'2022-02-06 00:00:00',1,22),
    (89,'Squid - U 5',4.04,'2022-05-25 00:00:00',33,25),
    (90,'Lid - Translucent, 3.5 And 6 Oz',18.63,'2022-03-18 00:00:00',20,18),
    (91,'Duck - Breast',84.07,'2022-08-19 00:00:00',33,31),
    (92,'Carbonated Water - White Grape',42.85,'2022-01-13 00:00:00',2,48),
    (93,'Nut - Walnut, Chopped',47.93,'2022-11-14 00:00:00',12,3),
    (94,'Lemon Pepper',3.51,'2022-02-18 00:00:00',21,36),
    (95,'Chips - Miss Vickies',6.43,'2022-05-16 00:00:00',11,50),
    (96,'Syrup - Chocolate',10.11,'2021-11-19 00:00:00',26,13),
    (97,'Spoon - Soup, Plastic',23.26,'2022-07-18 00:00:00',31,26),
    (98,'Pasta - Lasagna, Dry',69.15,'2022-04-05 00:00:00',22,20),
    (99,'Ecolab - Mikroklene 4/4 L',19.63,'2022-11-13 00:00:00',6,30),
    (100,'Muffin Mix - Morning Glory',3.71,'2022-07-01 00:00:00',32,44),
    (101,'Trueblue - Blueberry 12x473ml',62.99,'2022-07-30 00:00:00',14,19),
    (102,'Clam - Cherrystone',78.75,'2022-03-01 00:00:00',18,49),
    (103,'Longos - Lasagna Veg',29.88,'2022-02-15 00:00:00',23,12),
    (104,'Broom - Push',83.34,'2022-01-03 00:00:00',37,3),
    (105,'Burger Veggie',4.74,'2021-11-30 00:00:00',22,21),
    (106,'Glass Clear 8 Oz',30.96,'2022-01-01 00:00:00',26,42),
    (107,'Soup - Base Broth Chix',74.54,'2022-10-09 00:00:00',20,37),
    (108,'Milk - 1%',5.15,'2021-12-17 00:00:00',7,7),
    (109,'Beer - Pilsner Urquell',82.66,'2022-02-25 00:00:00',17,33),
    (110,'Cheese - Blue',39.91,'2022-08-21 00:00:00',34,8),
    (111,'Port - 74 Brights',15.65,'2022-04-03 00:00:00',27,1),
    (112,'Bread - Dark Rye, Loaf',10.58,'2022-11-09 00:00:00',22,41),
    (113,'Lamb Tenderloin Nz Fr',74.18,'2022-04-02 00:00:00',10,6),
    (114,'Wine - Cahors Ac 2000, Clos',11.86,'2022-05-10 00:00:00',40,34),
    (115,'Veal - Tenderloin, Untrimmed',42.99,'2022-11-09 00:00:00',17,44),
    (116,'Peppercorns - Green',25.72,'2022-08-10 00:00:00',32,18),
    (117,'Flower - Daisies',31.28,'2022-07-25 00:00:00',4,12),
    (118,'Basil - Primerba, Paste',58.5,'2022-10-10 00:00:00',38,3),
    (119,'Veal Inside - Provimi',5.06,'2022-02-06 00:00:00',21,16),
    (120,'Sponge Cake Mix - Vanilla',21.36,'2022-05-11 00:00:00',3,26),
    (121,'Skirt - 24 Foot',77.59,'2022-11-06 00:00:00',18,12),
    (122,'Maintenance Removal Charge',77.4,'2022-10-21 00:00:00',3,18),
    (123,'Chicken - Leg, Boneless',42.28,'2022-03-03 00:00:00',19,20),
    (124,'Clams - Canned',27.89,'2022-05-26 00:00:00',37,7),
    (125,'Red Cod Fillets - 225g',21.58,'2022-01-02 00:00:00',23,33),
    (126,'Beef - Ox Tongue, Pickled',74.69,'2022-04-09 00:00:00',1,27),
    (127,'Longos - Chicken Wings',96.29,'2022-06-25 00:00:00',21,46),
    (128,'Beer - Camerons Auburn',44.3,'2022-04-22 00:00:00',22,39),
    (129,'Skewers - Bamboo',80.0,'2022-09-13 00:00:00',17,28),
    (130,'Pan Grease',74.26,'2022-06-28 00:00:00',25,22),
    (131,'Marjoram - Fresh',2.45,'2022-04-22 00:00:00',17,35),
    (132,'Mushroom - Trumpet, Dry',88.02,'2022-02-23 00:00:00',35,1),
    (133,'Tomatoes Tear Drop Yellow',47.69,'2022-10-12 00:00:00',16,27),
    (134,'Nantucket - 518ml',4.22,'2022-04-30 00:00:00',9,36),
    (135,'Beans - Kidney White',49.42,'2021-12-13 00:00:00',21,37),
    (136,'Pepper - Black, Ground',83.99,'2022-07-08 00:00:00',26,47),
    (137,'Broom - Angled',43.62,'2022-06-18 00:00:00',15,39),
    (138,'Truffle Shells - Semi - Sweet',56.53,'2022-03-08 00:00:00',22,29),
    (139,'Broom And Broom Rack White',87.1,'2021-12-26 00:00:00',29,43),
    (140,'Bread - Onion Focaccia',64.35,'2022-05-09 00:00:00',27,5),
    (141,'Wine - Balbach Riverside',16.26,'2022-01-31 00:00:00',19,25),
    (142,'Salt - Celery',85.71,'2022-11-09 00:00:00',23,34),
    (143,'Dikon',70.12,'2022-03-27 00:00:00',14,13),
    (144,'Bread - White, Unsliced',34.21,'2022-01-11 00:00:00',25,7),
    (145,'Onions - White',84.43,'2021-12-31 00:00:00',6,29),
    (146,'Kellogs Cereal In A Cup',83.48,'2022-11-08 00:00:00',27,47),
    (147,'Coffee Beans - Chocolate',34.62,'2021-12-11 00:00:00',26,37),
    (148,'Nantucket - Kiwi Berry Cktl.',95.7,'2022-04-09 00:00:00',38,19),
    (149,'Jicama',26.14,'2022-10-30 00:00:00',9,31),
    (150,'Tarragon - Primerba, Paste',72.68,'2022-02-24 00:00:00',7,12),
    (151,'Bandage - Finger Cots',2.75,'2022-06-29 00:00:00',24,36),
    (152,'Pork - Suckling Pig',34.93,'2022-03-06 00:00:00',33,37),
    (153,'Nestea - Iced Tea',73.24,'2022-10-21 00:00:00',2,38),
    (154,'Bouq All Italian - Primerba',72.1,'2022-01-10 00:00:00',15,11),
    (155,'Stock - Veal, White',8.61,'2022-11-08 00:00:00',36,45),
    (156,'Mushroom - Shitake, Fresh',92.66,'2021-12-16 00:00:00',32,50),
    (157,'Lid Coffeecup 12oz D9542b',6.22,'2022-07-08 00:00:00',12,6),
    (158,'Pea - Snow',67.04,'2022-02-14 00:00:00',17,24),
    (159,'Cinnamon - Ground',93.9,'2022-08-18 00:00:00',11,33),
    (160,'Wine - Magnotta - Pinot Gris Sr',55.02,'2022-01-30 00:00:00',10,32),
    (161,'Beef - Top Butt Aaa',38.94,'2022-03-31 00:00:00',4,16),
    (162,'Wine - Ej Gallo Sierra Valley',40.59,'2022-06-22 00:00:00',28,42),
    (163,'Lettuce - Baby Salad Greens',99.77,'2022-09-08 00:00:00',25,46),
    (164,'Cheese - Parmesan Cubes',64.67,'2022-06-02 00:00:00',19,17),
    (165,'Plaintain',19.55,'2022-04-15 00:00:00',31,33),
    (166,'Salmon - Whole, 4 - 6 Pounds',7.52,'2022-09-22 00:00:00',6,39),
    (167,'Wine - White, Antinore Orvieto',91.59,'2022-03-04 00:00:00',36,15),
    (168,'Liqueur Banana, Ramazzotti',5.18,'2022-05-21 00:00:00',39,5),
    (169,'Mints - Striped Red',21.07,'2022-04-18 00:00:00',11,37),
    (170,'Yogurt - French Vanilla',99.42,'2022-05-24 00:00:00',26,12),
    (171,'Soup - Campbells, Minestrone',66.75,'2022-01-11 00:00:00',7,6),
    (172,'Pate Pans Yellow',5.17,'2021-11-24 00:00:00',26,23),
    (173,'White Baguette',51.57,'2022-09-02 00:00:00',24,8),
    (174,'Sauce - Hoisin',55.67,'2022-11-17 00:00:00',25,18),
    (175,'Frangelico',70.55,'2021-12-05 00:00:00',35,27),
    (176,'Crush - Orange, 355ml',64.82,'2022-09-22 00:00:00',4,38),
    (177,'Onions - Spanish',44.52,'2022-03-08 00:00:00',37,10),
    (178,'Cheese - Victor Et Berthold',43.57,'2022-01-21 00:00:00',18,15),
    (179,'Orange Roughy 6/8 Oz',88.1,'2022-02-22 00:00:00',36,36),
    (180,'Yogurt - French Vanilla',78.34,'2022-04-25 00:00:00',10,11),
    (181,'Cake - Mini Potato Pancake',88.47,'2022-10-26 00:00:00',16,17),
    (182,'Soup - French Can Pea',29.38,'2022-05-16 00:00:00',9,21),
    (183,'Dish Towel',72.5,'2022-09-03 00:00:00',32,48),
    (184,'Wine - Red, Marechal Foch',52.09,'2022-10-29 00:00:00',5,42),
    (185,'Sterno - Chafing Dish Fuel',37.82,'2022-07-09 00:00:00',26,9),
    (186,'Mushroom - Enoki, Fresh',9.3,'2022-07-11 00:00:00',17,40),
    (187,'Chestnuts - Whole,canned',70.01,'2022-11-03 00:00:00',19,22),
    (188,'Amarula Cream',95.03,'2022-06-06 00:00:00',22,44),
    (189,'Eel - Smoked',19.05,'2022-07-25 00:00:00',14,11),
    (190,'Tea - Green',7.59,'2022-04-04 00:00:00',10,27),
    (191,'Pastry - Cherry Danish - Mini',54.41,'2022-04-21 00:00:00',39,49),
    (192,'Potato - Sweet',80.58,'2022-10-22 00:00:00',18,19),
    (193,'Chicken - Ground',95.29,'2022-08-02 00:00:00',17,31),
    (194,'Pear - Packum',38.5,'2021-12-15 00:00:00',20,23),
    (195,'Bread - Italian Sesame Poly',19.71,'2022-07-12 00:00:00',10,7),
    (196,'Nut - Cashews, Whole, Raw',72.52,'2021-12-29 00:00:00',22,24),
    (197,'Appetizer - Cheese Bites',89.48,'2022-01-06 00:00:00',8,25),
    (198,'Hickory Smoke, Liquid',50.3,'2022-02-07 00:00:00',27,18),
    (199,'Sour Puss Raspberry',3.01,'2022-02-10 00:00:00',31,6),
    (200,'Carbonated Water - Strawberry',82.1,'2021-12-25 00:00:00',33,15);
    CREATE TABLE PLAN (
    PLAN_ID int NOT NULL,
    PLAN_NAME VARCHAR(255),
    TERM_YEARS INT,
    SUBSCRIPTION_AMOUNT INT,
    PRIMARY KEY (PLAN_ID)
);
INSERT INTO PLAN VALUES
    (1,'NEW',1,9.99),
    (2,'EXISTING',1,19.99),
    (3,'NEW_PRO',2,19.99),
    (4,'EXISTING_PRO',3,29.99),
    (5,'SALE',1,14.99),
    (6,'HOLIDAY',2,19.99),
    (7,'VACATION',3,39.99),
    (8,'REGULAR',1,8.99),
    (9,'SAVINGS',2,25.99),
    (10,'MAX_SAVINGS',3,34.99);
CREATE TABLE CUSTOMER (
    CUSTOMER_ID INT NOT NULL,
    CUSTOMER_NAME VARCHAR(255),
    DATE_OF_BIRTH DATE,
    AGE INT,
    PLAN_ID int,
    PRIMARY KEY (CUSTOMER_ID),
    FOREIGN KEY (PLAN_ID) REFERENCES PLAN(PLAN_ID)
);
INSERT INTO CUSTOMER VALUES
    (1,'Suzy Lincke','2022-01-04 00:00:00',56,10),
    (2,'Kele Milazzo','2022-03-24 00:00:00',27,3),
    (3,'Sarge Ellaway','2021-12-29 00:00:00',33,8),
    (4,'Nealy Cadell','2022-10-29 00:00:00',34,7),
    (5,'Etheline Ogger','2022-07-26 00:00:00',64,2),
    (6,'Yoko Whitley','2022-06-16 00:00:00',47,6),
    (7,'Bette-ann Jacke','2022-05-24 00:00:00',32,1),
    (8,'Peggy Ricoald','2022-02-04 00:00:00',33,5),
    (9,'Heinrick Dubbin','2022-05-08 00:00:00',27,4),
    (10,'Othelia Ucchino','2021-12-05 00:00:00',18,9),
    (11,'Northrop Goreway','2022-04-10 00:00:00',25,10),
    (12,'Alfie Lees','2022-10-26 00:00:00',58,3),
    (13,'Daffi Bettam','2022-01-11 00:00:00',36,5),
    (14,'Mab Shrimpton','2022-03-01 00:00:00',29,9),
    (15,'Devan Kinneir','2022-04-27 00:00:00',21,8),
    (16,'Kyle Uccello','2022-06-03 00:00:00',69,10),
    (17,'Barnaby Maybey','2022-09-19 00:00:00',30,2),
    (18,'Jenna Huntingford','2021-11-19 00:00:00',52,6),
    (19,'Mandie Marsden','2022-03-09 00:00:00',35,8),
    (20,'Sherwood Yellowlee','2022-05-16 00:00:00',29,4),
    (21,'Analise Gymblett','2022-09-01 00:00:00',19,5),
    (22,'Daryl Michiel','2022-09-09 00:00:00',19,9),
    (23,'Carmina Gallyhaock','2022-11-13 00:00:00',45,3),
    (24,'Erna Keam','2022-10-13 00:00:00',42,1),
    (25,'Natividad Cultcheth','2022-03-31 00:00:00',68,7),
    (26,'Vachel Munnis','2021-12-13 00:00:00',70,5),
    (27,'Justen Gunston','2022-08-06 00:00:00',38,8),
    (28,'Rickey Bandy','2022-08-23 00:00:00',42,4),
    (29,'Clementine Grishankov','2022-01-19 00:00:00',59,10),
    (30,'Alysia Byron','2022-10-23 00:00:00',55,9),
    (31,'Marchall MacCard','2022-06-08 00:00:00',62,4),
    (32,'Margaretta Klimkin','2022-01-13 00:00:00',20,7),
    (33,'Myrle Throssell','2022-07-31 00:00:00',61,5),
    (34,'Dominique Ashwell','2021-11-25 00:00:00',48,3),
    (35,'Masha Banker','2021-11-28 00:00:00',53,6),
    (36,'Cassaundra Rydeard','2022-06-26 00:00:00',24,9),
    (37,'Harper Randell','2022-03-09 00:00:00',52,8),
    (38,'Katherine Aucutt','2022-10-12 00:00:00',24,1),
    (39,'Rosie Casarini','2022-05-22 00:00:00',60,10),
    (40,'Nikita Greep','2022-06-27 00:00:00',45,2),
    (41,'Rosetta Goodey','2022-08-29 00:00:00',65,6),
    (42,'Felisha Furtado','2022-05-13 00:00:00',22,3),
    (43,'Cesya Mosdill','2022-06-24 00:00:00',67,9),
    (44,'Verene Manilo','2022-07-14 00:00:00',35,2),
    (45,'Lammond Pipping','2022-11-09 00:00:00',20,1),
    (46,'Trisha Dobeson','2022-01-31 00:00:00',20,9),
    (47,'Magnum Jedrasik','2022-02-20 00:00:00',49,10),
    (48,'Ferdie Bozworth','2022-06-10 00:00:00',62,1),
    (49,'Gayle Korbmaker','2022-01-16 00:00:00',54,4),
    (50,'Dolli MacLaughlin','2022-02-12 00:00:00',23,8),
    (51,'Monro Agott','2022-06-23 00:00:00',68,6),
    (52,'Regina Moehle','2022-09-13 00:00:00',51,7),
    (53,'Doll Gobourn','2022-05-06 00:00:00',45,5),
    (54,'Debee Count','2022-03-06 00:00:00',29,3),
    (55,'Elwira Maplethorpe','2022-02-12 00:00:00',60,2),
    (56,'Lesley Lesaunier','2022-02-03 00:00:00',46,1),
    (57,'Benny Giovannoni','2022-03-29 00:00:00',27,2),
    (58,'Clayborne Fryers','2022-01-04 00:00:00',65,10),
    (59,'Chrysler MacLaren','2022-07-25 00:00:00',58,5),
    (60,'Marleen Adamski','2022-10-24 00:00:00',59,7),
    (61,'Ashia Helm','2021-12-02 00:00:00',22,8),
    (62,'Arturo Anfrey','2022-07-05 00:00:00',61,9),
    (63,'Lyndsay Moyne','2022-09-11 00:00:00',61,2),
    (64,'Cherey Weiss','2021-12-15 00:00:00',49,4),
    (65,'Krispin Troyes','2022-02-02 00:00:00',27,3),
    (66,'Dick Woofenden','2022-08-24 00:00:00',42,1),
    (67,'Travers Alcott','2022-08-10 00:00:00',28,5),
    (68,'Pepito Gomar','2022-03-14 00:00:00',22,6),
    (69,'Stuart Carbert','2022-05-29 00:00:00',50,10),
    (70,'Junia Fontin','2022-11-03 00:00:00',37,7),
    (71,'Adelle Shillaber','2022-04-11 00:00:00',22,9),
    (72,'Austin Deadman','2022-01-29 00:00:00',42,4),
    (73,'Farand Vials','2021-11-26 00:00:00',69,10),
    (74,'Burnaby Connochie','2021-11-26 00:00:00',70,1),
    (75,'Allyce Tonge','2022-07-01 00:00:00',44,2),
    (76,'Ulick Kite','2022-04-06 00:00:00',36,5),
    (77,'Paulie Meckiff','2022-08-19 00:00:00',21,10),
    (78,'Ryann Ortzen','2022-02-27 00:00:00',60,4),
    (79,'Mychal Plail','2022-06-28 00:00:00',33,2),
    (80,'Stephenie Ledster','2022-11-13 00:00:00',70,8),
    (81,'Selie Stickler','2022-05-12 00:00:00',50,6),
    (82,'Shannon Markl','2022-05-23 00:00:00',57,7),
    (83,'Jean Soars','2022-07-07 00:00:00',38,9),
    (84,'Georgie Annable','2022-10-19 00:00:00',39,3),
    (85,'Byram Blaschke','2021-12-16 00:00:00',36,1),
    (86,'Hank Polycote','2021-12-13 00:00:00',27,10),
    (87,'Bond Sloane','2022-06-01 00:00:00',57,1),
    (88,'Tracie Giraldo','2022-09-03 00:00:00',53,4),
    (89,'Hamilton Sharphurst','2022-11-16 00:00:00',19,7),
    (90,'Carmina Farrent','2021-12-11 00:00:00',67,5),
    (91,'Ema Pimme','2021-12-09 00:00:00',70,8),
    (92,'Durant Semorad','2022-05-31 00:00:00',51,1),
    (93,'Wilhelmina Szymanowski','2021-12-27 00:00:00',30,10),
    (94,'Laverna Onyon','2022-08-21 00:00:00',34,3),
    (95,'Rupert Licciardo','2022-10-18 00:00:00',62,9),
    (96,'Von Readwin','2022-07-07 00:00:00',61,4),
    (97,'Wells Bergstrand','2022-04-15 00:00:00',41,2),
    (98,'Batholomew Enderby','2022-04-29 00:00:00',47,7),
    (99,'Dene Stanbra','2022-11-06 00:00:00',33,6),
    (100,'Lidia Thorburn','2022-07-09 00:00:00',49,5),
    (101,'Andrei Warlow','2022-08-26 00:00:00',59,8),
    (102,'Maisey Bisson','2022-09-11 00:00:00',36,9),
    (103,'Constantine Yesinov','2022-05-11 00:00:00',61,7),
    (104,'Hazel Staterfield','2022-11-02 00:00:00',30,1),
    (105,'Krispin Tolland','2022-03-19 00:00:00',39,6),
    (106,'Winfred Corrin','2022-03-16 00:00:00',23,7),
    (107,'Luke Liddon','2021-12-21 00:00:00',34,10),
    (108,'Cliff Presnell','2022-07-04 00:00:00',36,1),
    (109,'Meghan Leppingwell','2022-06-12 00:00:00',62,3),
    (110,'Dick Farquarson','2022-11-15 00:00:00',55,2),
    (111,'Margaretha Overil','2022-06-10 00:00:00',51,6),
    (112,'Margy Stower','2022-08-27 00:00:00',57,8),
    (113,'Hailey Wyborn','2022-11-12 00:00:00',40,4),
    (114,'Giacomo Brandrick','2022-09-19 00:00:00',64,5),
    (115,'Urban Eckart','2022-07-07 00:00:00',38,9),
    (116,'Iggy Flecknoe','2021-12-22 00:00:00',40,8),
    (117,'Luelle Pidwell','2022-03-02 00:00:00',45,6),
    (118,'Filippa Hebbs','2021-11-29 00:00:00',44,2),
    (119,'Ninette Jenken','2022-09-05 00:00:00',56,5),
    (120,'Ardene Death','2022-04-14 00:00:00',25,7),
    (121,'Gabby Pannett','2022-07-03 00:00:00',18,5),
    (122,'Natividad Beetlestone','2022-10-24 00:00:00',60,7),
    (123,'Marget Patsall','2022-07-12 00:00:00',57,3),
    (124,'Bess Franciottoi','2022-09-12 00:00:00',66,9),
    (125,'Virgil Ketteman','2022-06-04 00:00:00',57,4),
    (126,'Mellisa Fortnum','2022-07-12 00:00:00',70,10),
    (127,'Kala Binns','2021-11-20 00:00:00',23,8),
    (128,'Jillayne Magson','2022-06-30 00:00:00',22,1),
    (129,'Roosevelt Rollitt','2022-08-25 00:00:00',36,6),
    (130,'Bernie Duke','2022-11-17 00:00:00',63,2),
    (131,'Darill MacDiarmid','2022-04-16 00:00:00',44,3),
    (132,'Lazar Wahncke','2022-03-10 00:00:00',61,5),
    (133,'Cassaundra Janew','2022-05-06 00:00:00',53,1),
    (134,'Amelia D''eathe','2021-12-03 00:00:00',48,6),
    (135,'Blondie Newlove','2021-12-07 00:00:00',56,4),
    (136,'Antonino MacAllister','2022-02-07 00:00:00',42,3),
    (137,'Karilynn Dicken','2022-10-28 00:00:00',47,10),
    (138,'Carina Beades','2022-06-15 00:00:00',28,7),
    (139,'Bird Maling','2022-03-15 00:00:00',68,5),
    (140,'Linnet Hick','2022-06-29 00:00:00',68,6),
    (141,'Massimiliano Konzel','2022-10-20 00:00:00',47,1),
    (142,'Shae Rambadt','2022-10-06 00:00:00',50,9),
    (143,'Marve Divers','2022-03-15 00:00:00',36,4),
    (144,'Neddie Honack','2022-08-08 00:00:00',39,8),
    (145,'Elmira Tenby','2022-07-27 00:00:00',68,2),
    (146,'Marlowe Cowlishaw','2022-05-25 00:00:00',39,8),
    (147,'Liva Cattellion','2022-09-03 00:00:00',35,6),
    (148,'Randee Loblie','2022-02-28 00:00:00',55,4),
    (149,'Lay Burbage','2022-05-23 00:00:00',45,2),
    (150,'Jeramey Rennie','2022-01-25 00:00:00',67,7),
    (151,'Christiana Skoyles','2022-05-24 00:00:00',28,4),
    (152,'Addie Skillitt','2022-04-18 00:00:00',61,10),
    (153,'Darrin Postles','2022-07-30 00:00:00',33,6),
    (154,'Haslett Gabits','2022-04-01 00:00:00',44,8),
    (155,'Fair Prujean','2022-07-01 00:00:00',62,7),
    (156,'Joannes Dewan','2022-07-28 00:00:00',37,2),
    (157,'Lanna Bolstridge','2022-04-01 00:00:00',66,9),
    (158,'Herminia Darleston','2022-02-27 00:00:00',45,1),
    (159,'Lark Atkirk','2022-08-16 00:00:00',59,5),
    (160,'Arlan Pencott','2022-09-16 00:00:00',38,3),
    (161,'Genevra Rosenblatt','2022-04-23 00:00:00',67,8),
    (162,'Lenee Leroy','2022-11-10 00:00:00',42,7),
    (163,'Joelynn Ganderton','2022-03-10 00:00:00',42,9),
    (164,'Jereme Ikringill','2021-12-08 00:00:00',39,1),
    (165,'Hayward Reede','2021-12-15 00:00:00',47,10),
    (166,'Valdemar Janney','2022-02-12 00:00:00',63,4),
    (167,'Camella Christophle','2022-02-08 00:00:00',29,7),
    (168,'Jermayne De Moreno','2022-07-08 00:00:00',41,6),
    (169,'Derry Wigan','2021-11-24 00:00:00',30,3),
    (170,'Gabi Stag','2022-05-06 00:00:00',64,10),
    (171,'Hilly Denisevich','2022-08-21 00:00:00',32,9),
    (172,'Fredi Bowry','2022-08-02 00:00:00',43,5),
    (173,'Alessandro Dillingstone','2022-01-11 00:00:00',49,1),
    (174,'Kit Stieger','2022-10-13 00:00:00',53,8),
    (175,'Adah Grieg','2022-10-25 00:00:00',53,2),
    (176,'Teresa Malec','2022-10-16 00:00:00',24,9),
    (177,'Dane Melbourne','2022-03-17 00:00:00',31,4),
    (178,'Catrina Koubek','2022-01-02 00:00:00',59,2),
    (179,'Colly Barnewille','2022-08-18 00:00:00',35,1),
    (180,'Sari McVaugh','2022-04-21 00:00:00',33,6),
    (181,'Lula Butterwick','2022-01-22 00:00:00',27,3),
    (182,'Brien Seedull','2022-10-11 00:00:00',29,4),
    (183,'Emmalee Ugoni','2022-11-09 00:00:00',26,5),
    (184,'Iseabal Mingaud','2021-12-03 00:00:00',47,8),
    (185,'Odelia Shade','2022-01-24 00:00:00',44,7),
    (186,'Court Frayn','2022-08-29 00:00:00',53,2),
    (187,'Virginia Dreng','2022-10-13 00:00:00',31,1),
    (188,'Janessa Hambleton','2022-01-24 00:00:00',18,10),
    (189,'Robin Grog','2022-09-02 00:00:00',64,9),
    (190,'Anne Maddern','2022-02-05 00:00:00',28,6),
    (191,'Selena Cudiff','2022-06-30 00:00:00',40,7),
    (192,'Jacklyn Schrieves','2022-03-05 00:00:00',46,9),
    (193,'Nat Walbridge','2022-06-23 00:00:00',37,4),
    (194,'Felecia Asbery','2022-06-22 00:00:00',40,1),
    (195,'Ashleigh Anney','2022-05-12 00:00:00',45,3),
    (196,'Lynna Downey','2022-07-07 00:00:00',21,9),
    (197,'Margaretta Ivens','2022-08-05 00:00:00',37,4),
    (198,'Coralie Maun','2022-06-13 00:00:00',25,5),
    (199,'Harrison Terrett','2022-09-30 00:00:00',67,7),
    (200,'Gregorio Matschek','2022-01-28 00:00:00',24,6),
    (201,'Alick Lubbock','2022-05-10 00:00:00',67,10),
    (202,'Tildy Tinson','2022-07-02 00:00:00',43,3),
    (203,'Barnie Gannaway','2021-12-05 00:00:00',53,2),
    (204,'Audry Bearblock','2022-08-08 00:00:00',38,8),
    (205,'Darrell Softley','2022-06-25 00:00:00',48,1),
    (206,'Constantina Klagge','2022-11-08 00:00:00',37,8),
    (207,'Zelig Arnowicz','2022-08-27 00:00:00',43,2),
    (208,'Reagan Dudding','2022-10-11 00:00:00',19,7),
    (209,'Othello Oda','2022-04-03 00:00:00',64,4),
    (210,'Cass Weinham','2022-08-16 00:00:00',45,1),
    (211,'Maury O''Shiels','2022-03-21 00:00:00',35,9),
    (212,'Genny Byne','2022-02-11 00:00:00',43,3),
    (213,'Malina Steers','2022-01-15 00:00:00',29,7),
    (214,'Sidonnie Gulliford','2022-09-20 00:00:00',54,8),
    (215,'Dorthea Sommerling','2022-10-04 00:00:00',20,2),
    (216,'Raven Self','2022-02-05 00:00:00',32,10),
    (217,'Kristi Stefanovic','2022-06-08 00:00:00',51,1),
    (218,'Manda Cornish','2022-08-22 00:00:00',67,4),
    (219,'Israel Hathwood','2022-10-14 00:00:00',42,6),
    (220,'Marys Antoniutti','2022-02-15 00:00:00',62,5),
    (221,'Amalle Croughan','2022-03-21 00:00:00',35,8),
    (222,'Emelda Rennebach','2022-01-21 00:00:00',24,3),
    (223,'Aharon McInnes','2022-09-15 00:00:00',62,10),
    (224,'Babs Aspy','2022-06-16 00:00:00',34,4),
    (225,'Ricki Leedes','2022-03-19 00:00:00',40,2),
    (226,'Georgiana Strotton','2022-08-23 00:00:00',55,8),
    (227,'Cleveland Bulmer','2022-07-17 00:00:00',56,7),
    (228,'Marcia McKelvey','2022-04-25 00:00:00',26,9),
    (229,'Grethel Wilbud','2022-10-16 00:00:00',47,3),
    (230,'Tori Taffrey','2022-01-02 00:00:00',39,2),
    (231,'Somerset Mattheis','2021-12-02 00:00:00',28,5),
    (232,'Herve O''Donoghue','2022-10-23 00:00:00',29,10),
    (233,'Didi Tomczak','2022-04-23 00:00:00',54,4),
    (234,'Jephthah Tomasello','2022-06-05 00:00:00',34,1),
    (235,'Lauraine Giacomazzo','2022-05-07 00:00:00',18,6),
    (236,'Chris Summerlie','2022-05-24 00:00:00',64,4),
    (237,'Gris Swaffer','2022-09-15 00:00:00',37,3),
    (238,'Ansel Brittin','2022-10-12 00:00:00',22,8),
    (239,'Cayla Zannotelli','2022-08-20 00:00:00',66,9),
    (240,'Bing Fierro','2022-11-13 00:00:00',64,1),
    (241,'Muire Cattlemull','2021-11-23 00:00:00',68,10),
    (242,'Fabiano Vasyutkin','2022-04-06 00:00:00',27,2),
    (243,'Chip Wykey','2021-12-29 00:00:00',25,1),
    (244,'Wallache Harower','2022-11-08 00:00:00',50,9),
    (245,'Jacqui Manthroppe','2021-11-30 00:00:00',62,3),
    (246,'Diana Spering','2022-07-30 00:00:00',46,4),
    (247,'Alidia Fishbourn','2021-12-09 00:00:00',40,5),
    (248,'Archibaldo Wint','2022-01-28 00:00:00',65,8),
    (249,'Berna Hugonnet','2022-03-11 00:00:00',22,6),
    (250,'Cybill Pleaden','2022-01-26 00:00:00',54,7);
INSERT INTO CUSTOMER VALUES
    (251,'Abbe Glasheen','2022-07-26 00:00:00',44,3),
    (252,'Lynda Gilmartin','2022-03-31 00:00:00',42,9),
    (253,'Fancie Marjanski','2022-02-14 00:00:00',67,2),
    (254,'Jodi Heenan','2022-08-04 00:00:00',51,8),
    (255,'Hillery Arnley','2022-08-03 00:00:00',31,6),
    (256,'Ailyn Barczynski','2022-06-27 00:00:00',54,2),
    (257,'Helge Buggs','2022-02-07 00:00:00',57,5),
    (258,'Goldy Benns','2022-01-22 00:00:00',62,3),
    (259,'Tiebout Volcker','2021-11-28 00:00:00',26,9),
    (260,'Sara-ann Judd','2022-01-14 00:00:00',51,1),
    (261,'Carole Lusher','2022-11-10 00:00:00',25,4),
    (262,'Leah Vyvyan','2022-10-07 00:00:00',24,8),
    (263,'Claudine Duding','2022-07-28 00:00:00',22,6),
    (264,'Tamas McGlue','2022-09-01 00:00:00',32,7),
    (265,'Daisy Mathews','2022-08-28 00:00:00',29,10),
    (266,'Abigail Fader','2022-06-12 00:00:00',65,7),
    (267,'Osmund Mulheron','2022-05-17 00:00:00',57,5),
    (268,'Antin Crichton','2022-05-29 00:00:00',33,1),
    (269,'Norine Orleton','2022-04-22 00:00:00',61,8),
    (270,'Normy McGinley','2022-01-08 00:00:00',32,4),
    (271,'Bogart Covert','2022-04-29 00:00:00',48,7),
    (272,'Teador Lemin','2022-06-14 00:00:00',32,4),
    (273,'Cathi Broek','2022-04-23 00:00:00',62,9),
    (274,'Robyn Fumagallo','2022-10-11 00:00:00',37,2),
    (275,'Phillip Doudney','2022-04-07 00:00:00',36,10),
    (276,'My Drivers','2022-07-01 00:00:00',20,3),
    (277,'Andros Geffe','2022-02-23 00:00:00',18,6),
    (278,'Clayton McWhin','2022-02-11 00:00:00',67,5),
    (279,'Hyatt Allon','2021-11-29 00:00:00',51,1),
    (280,'Kalli Foddy','2022-07-15 00:00:00',48,8),
    (281,'Franky Witul','2022-10-23 00:00:00',55,10),
    (282,'Wileen Davis','2021-11-18 00:00:00',42,7),
    (283,'Hill Dews','2022-11-07 00:00:00',51,5),
    (284,'Rozamond Swatheridge','2022-07-29 00:00:00',70,9),
    (285,'Lenore Pinckstone','2022-02-19 00:00:00',60,8),
    (286,'Dulsea Spada','2022-03-26 00:00:00',67,3),
    (287,'Gale Woolvin','2022-10-12 00:00:00',25,2),
    (288,'Julia MacMillan','2022-04-10 00:00:00',42,5),
    (289,'Alana Dumberell','2022-06-02 00:00:00',28,4),
    (290,'Tommy Dagnan','2022-08-16 00:00:00',27,8),
    (291,'Irvine Pettus','2022-06-15 00:00:00',60,10),
    (292,'Evey Rolfini','2022-08-10 00:00:00',56,6),
    (293,'Rosie Ovenden','2022-07-03 00:00:00',24,9),
    (294,'Tedmund Pol','2021-12-16 00:00:00',58,1),
    (295,'Kylynn Rosling','2022-05-29 00:00:00',66,7),
    (296,'Dana Ollivierre','2022-03-22 00:00:00',24,5),
    (297,'Claire Tuttiett','2022-03-15 00:00:00',49,4),
    (298,'Tadd Baudy','2022-06-26 00:00:00',59,6),
    (299,'Donia Tredwell','2022-01-12 00:00:00',69,7),
    (300,'Rosaleen Bales','2022-04-22 00:00:00',27,10);
SELECT * FROM customer;
CREATE TABLE CUSTOMER_PRODUCT (
    CUSTOMER_ID INT NOT NULL,
	PRODUCT_ID INT NOT NULL,
    PRIMARY KEY (CUSTOMER_ID,PRODUCT_ID),
    FOREIGN KEY (CUSTOMER_ID) REFERENCES CUSTOMER(CUSTOMER_ID),
    FOREIGN KEY (PRODUCT_ID) REFERENCES PRODUCT(PRODUCT_ID)
);
INSERT INTO CUSTOMER_PRODUCT VALUES
    (253,194),
    (47,172),
    (96,92),
    (151,200),
    (111,160),
    (137,123),
    (53,173),
    (43,117),
    (194,83),
    (104,1),
    (103,37),
    (11,91),
    (261,20),
    (167,78),
    (18,134),
    (273,183),
    (190,195),
    (78,188),
    (119,50),
    (149,98),
    (54,165),
    (97,184),
    (163,124),
    (232,22),
    (202,12),
    (128,199),
    (159,178),
    (178,2),
    (209,26),
    (141,59),
    (46,109),
    (19,87),
    (291,156),
    (212,113),
    (275,133),
    (146,106),
    (183,43),
    (25,18),
    (22,72),
    (82,17),
    (84,29),
    (61,147),
    (237,71),
    (1,80),
    (228,56),
    (189,170),
    (108,94),
    (176,85),
    (14,62),
    (204,28),
    (131,168),
    (62,66),
    (187,77),
    (5,46),
    (252,12),
    (110,76),
    (90,179),
    (157,97),
    (13,130),
    (224,114),
    (230,158),
    (260,81),
    (34,83),
    (15,147),
    (53,24),
    (68,62),
    (190,93),
    (92,115),
    (79,128),
    (42,38),
    (46,105),
    (265,140),
    (242,157),
    (228,18),
    (248,63),
    (279,118),
    (98,178),
    (71,70),
    (94,195),
    (115,188),
    (31,72),
    (283,189),
    (250,39),
    (216,173),
    (203,161),
    (183,125),
    (91,89),
    (154,146),
    (64,197),
    (109,45),
    (77,50),
    (244,164),
    (234,52),
    (35,182),
    (201,169),
    (258,22),
    (271,7),
    (93,143),
    (253,75),
    (73,100),
    (218,14),
    (129,78),
    (145,36),
    (267,194),
    (48,18),
    (297,189),
    (293,183),
    (177,156),
    (201,65),
    (78,50),
    (6,20),
    (22,166),
    (28,93),
    (24,195),
    (23,160),
    (52,118),
    (14,165),
    (277,139),
    (122,133),
    (214,95),
    (155,8),
    (56,117),
    (121,123),
    (225,135),
    (68,60),
    (186,68),
    (185,112),
    (85,17),
    (16,25),
    (57,158),
    (118,181),
    (128,142),
    (242,71),
    (123,28),
    (232,64),
    (255,89),
    (115,7),
    (150,42),
    (67,86),
    (116,51),
    (252,144),
    (172,82),
    (46,146),
    (285,148),
    (284,147),
    (250,191),
    (174,190),
    (219,127),
    (2,103),
    (161,163),
    (234,88),
    (94,200),
    (248,135),
    (263,82),
    (293,93),
    (75,144),
    (81,139),
    (255,190),
    (183,83),
    (135,150),
    (285,69),
    (184,25),
    (62,5),
    (173,10),
    (138,170),
    (76,166),
    (226,38),
    (38,27),
    (289,64),
    (192,173),
    (77,90),
    (32,58),
    (259,22),
    (265,28),
    (98,71),
    (121,182),
    (286,66),
    (100,138),
    (185,18),
    (10,30),
    (28,122),
    (139,109),
    (84,103),
    (228,16),
    (179,20),
    (219,105),
    (130,192),
    (140,49),
    (127,40),
    (92,158),
    (167,162),
    (16,42),
    (278,181),
    (155,37),
    (235,102),
    (115,100),
    (152,185),
    (17,7),
    (213,79),
    (12,68),
    (184,2),
    (85,166),
    (230,184),
    (150,90),
    (79,155),
    (262,41),
    (21,23),
    (190,9),
    (133,109),
    (138,33),
    (103,100),
    (29,95),
    (229,84),
    (115,143),
    (62,163),
    (173,44),
    (104,60),
    (48,199),
    (183,5),
    (108,192),
    (17,113),
    (292,183),
    (244,94),
    (238,99),
    (89,170),
    (219,167),
    (182,121),
    (259,93),
    (70,56),
    (179,176),
    (71,171),
    (105,182),
    (200,13),
    (241,150),
    (272,83),
    (192,145),
    (37,115),
    (49,140),
    (92,181),
    (50,141),
    (285,66),
    (260,63),
    (222,127),
    (78,180),
    (170,174),
    (175,11),
    (289,101),
    (117,38),
    (119,131),
    (277,200);
INSERT INTO CUSTOMER_PRODUCT VALUES
    (177,176),
    (58,89),
    (222,39),
    (270,33),
    (78,72),
    (189,99),
    (163,179),
    (298,124),
    (8,16),
    (257,5),
    (178,18),
    (144,15),
    (99,94),
    (157,58),
    (217,133),
    (167,65),
    (22,49),
    (16,24),
    (10,75),
    (62,108),
    (34,51),
    (274,81),
    (109,168),
    (122,193),
    (276,156),
    (228,3),
    (27,56),
    (289,48),
    (4,74),
    (86,32),
    (18,119),
    (143,34),
    (89,166),
    (264,167),
    (145,59),
    (195,17),
    (132,20),
    (235,76),
    (197,50),
    (44,139),
    (150,172),
    (290,91),
    (21,55),
    (180,101),
    (28,157),
    (207,158),
    (287,21),
    (200,109),
    (193,80),
    (76,68),
    (252,22),
    (109,137),
    (82,13),
    (18,6),
    (280,166),
    (48,38),
    (6,132),
    (200,146),
    (56,1),
    (153,33),
    (235,191),
    (170,23),
    (83,59),
    (123,145),
    (78,17),
    (25,164),
    (148,160),
    (194,70),
    (142,190),
    (91,135),
    (159,130),
    (11,82),
    (80,19),
    (24,47),
    (156,115),
    (230,111),
    (189,8),
    (146,118),
    (168,12),
    (198,171),
    (122,46),
    (50,29),
    (191,159),
    (229,96),
    (281,4),
    (16,73),
    (33,95),
    (201,113),
    (117,78),
    (262,123),
    (218,105),
    (115,144),
    (169,100),
    (161,27),
    (100,168),
    (157,52),
    (70,31),
    (10,26),
    (24,12),
    (164,167),
    (135,60),
    (9,168),
    (266,136),
    (235,92),
    (90,101),
    (125,156),
    (99,141),
    (3,166),
    (166,54),
    (27,6),
    (86,8),
    (6,5),
    (122,9),
    (183,138),
    (112,190),
    (279,62),
    (259,2),
    (87,26),
    (299,32),
    (241,178),
    (178,31),
    (156,75),
    (174,88),
    (106,113),
    (147,155),
    (68,171),
    (39,15),
    (75,99),
    (158,102),
    (146,84),
    (127,125),
    (150,46),
    (21,94),
    (81,30),
    (5,196),
    (298,50),
    (123,56),
    (289,151),
    (160,139),
    (219,58),
    (250,103),
    (130,25),
    (236,197),
    (251,47),
    (176,13),
    (172,10),
    (163,119),
    (170,48),
    (173,121),
    (229,157),
    (216,102),
    (279,190),
    (210,38),
    (186,30),
    (196,176),
    (221,134),
    (16,23),
    (209,122),
    (231,60),
    (59,37),
    (148,71),
    (37,83),
    (185,181),
    (235,172),
    (133,39),
    (40,10),
    (79,161),
    (250,77),
    (158,87),
    (121,66),
    (247,8),
    (226,21),
    (294,44),
    (152,131),
    (92,2),
    (58,132),
    (32,4),
    (49,120),
    (167,165),
    (127,12),
    (298,133),
    (129,16),
    (162,173),
    (108,108),
    (98,162),
    (238,95),
    (242,110),
    (107,92),
    (113,14),
    (146,123),
    (95,135),
    (62,55),
    (228,195),
    (172,164),
    (300,50),
    (193,163),
    (170,105),
    (47,89),
    (158,103),
    (225,46),
    (141,12),
    (254,74),
    (112,115),
    (187,100),
    (240,92),
    (45,155),
    (176,171),
    (123,119),
    (177,49),
    (51,39),
    (200,27),
    (233,169),
    (188,128),
    (168,1),
    (16,141),
    (63,133),
    (42,132),
    (204,60),
    (95,8),
    (59,147),
    (34,116),
    (230,154),
    (189,143),
    (81,26),
    (122,47),
    (116,153),
    (175,108),
    (250,6),
    (216,70),
    (192,135),
    (30,18),
    (227,77),
    (96,30),
    (172,17),
    (235,40),
    (27,50),
    (220,5),
    (162,181),
    (58,161),
    (49,189),
    (83,83),
    (145,78),
    (71,111),
    (212,42),
    (85,88),
    (241,158),
    (300,123),
    (208,110),
    (10,84),
    (68,191);
INSERT INTO CUSTOMER_PRODUCT VALUES
    (75,83),
    (143,118),
    (128,107),
    (225,124),
    (105,190),
    (82,165),
    (8,28),
    (190,69),
    (244,85),
    (154,5),
    (297,173),
    (34,92),
    (292,62),
    (80,185),
    (203,139),
    (31,81),
    (85,35),
    (5,175),
    (145,6),
    (256,128),
    (188,187),
    (215,170),
    (210,109),
    (60,133),
    (29,26),
    (251,169),
    (14,27),
    (235,46),
    (298,125),
    (170,156),
    (131,58),
    (150,61),
    (92,163),
    (83,24),
    (141,153),
    (89,90),
    (28,87),
    (193,42),
    (290,72),
    (44,157),
    (109,98),
    (77,148),
    (61,115),
    (237,154),
    (186,198),
    (230,49),
    (282,196),
    (61,98),
    (184,52),
    (103,31),
    (183,32),
    (114,145),
    (49,195),
    (245,152),
    (201,10),
    (42,116),
    (171,53),
    (100,13),
    (28,156),
    (286,124),
    (36,56),
    (96,182),
    (180,7),
    (10,61),
    (20,125),
    (293,80),
    (18,49),
    (264,103),
    (87,153),
    (195,165),
    (57,143),
    (239,200),
    (298,130),
    (147,76),
    (21,141),
    (202,181),
    (142,117),
    (78,59),
    (178,129),
    (292,86),
    (24,179),
    (25,187),
    (132,176),
    (261,41),
    (155,134),
    (80,113),
    (181,77),
    (260,144),
    (81,148),
    (14,93),
    (115,42),
    (121,84),
    (189,115),
    (23,38),
    (283,119),
    (17,167),
    (220,118),
    (282,44),
    (192,2),
    (43,163),
    (238,114),
    (189,87),
    (55,179),
    (251,84),
    (106,112),
    (266,29),
    (121,108),
    (118,68),
    (258,130),
    (280,147),
    (113,1),
    (218,141),
    (257,128),
    (289,184),
    (234,101),
    (228,190),
    (209,27),
    (103,142),
    (199,88),
    (204,173),
    (1,182),
    (146,170),
    (214,129),
    (163,17),
    (86,55),
    (193,135),
    (164,109),
    (47,10),
    (69,168),
    (212,193),
    (8,110),
    (183,167),
    (110,28),
    (117,23),
    (145,80),
    (37,58),
    (283,49),
    (32,126),
    (114,18),
    (38,94),
    (135,183),
    (271,199),
    (272,50),
    (18,93),
    (131,72),
    (95,149),
    (130,123),
    (245,145),
    (29,57),
    (219,97),
    (168,116),
    (129,17),
    (189,40),
    (259,157),
    (67,12),
    (149,96),
    (68,166),
    (26,3),
    (226,189),
    (210,147),
    (250,33),
    (223,115),
    (83,175),
    (133,83),
    (86,41),
    (182,71),
    (11,199),
    (79,91),
    (123,2),
    (18,61),
    (192,167),
    (139,193),
    (82,194),
    (64,93),
    (272,143),
    (175,124),
    (12,37),
    (268,66),
    (144,90),
    (154,129),
    (136,9),
    (252,156),
    (200,135),
    (263,137),
    (247,125),
    (145,106),
    (184,47),
    (174,184),
    (4,159),
    (50,154),
    (191,120),
    (141,69),
    (102,76),
    (118,132),
    (229,95),
    (294,16),
    (154,121),
    (78,28),
    (192,59),
    (244,115),
    (111,18),
    (270,86),
    (52,104),
    (3,68),
    (226,132),
    (142,179),
    (251,129),
    (263,69),
    (21,156),
    (9,148),
    (259,111),
    (214,199),
    (92,144),
    (232,2),
    (258,133),
    (100,113),
    (246,136),
    (298,26),
    (211,163),
    (166,78),
    (153,191),
    (252,66),
    (22,194),
    (36,175),
    (132,89),
    (50,198),
    (67,107),
    (91,171),
    (155,135),
    (51,65),
    (19,130),
    (71,178),
    (237,74),
    (28,39),
    (292,153),
    (218,180),
    (1,41),
    (77,158),
    (54,138),
    (148,55),
    (39,36),
    (95,168),
    (75,185),
    (80,25),
    (206,91),
    (46,88),
    (107,64),
    (25,19),
    (122,143),
    (233,178);
INSERT INTO CUSTOMER_PRODUCT VALUES
    (177,74),
    (74,149),
    (128,61),
    (153,176),
    (26,166),
    (190,197),
    (84,122),
    (130,118),
    (152,51),
    (195,140),
    (281,161),
    (294,42),
    (22,82),
    (179,114),
    (8,70),
    (268,179),
    (39,130),
    (38,86),
    (224,145),
    (64,22),
    (112,3),
    (105,46),
    (110,195),
    (188,105),
    (134,128),
    (228,124),
    (42,141),
    (209,181),
    (241,191),
    (21,96),
    (200,104),
    (215,100),
    (212,131),
    (90,186),
    (61,136),
    (143,44),
    (1,192),
    (125,2),
    (129,26),
    (210,65),
    (290,146),
    (238,171),
    (193,11),
    (108,59),
    (276,112),
    (108,52),
    (209,174),
    (103,77),
    (91,158),
    (283,94),
    (38,58),
    (42,4),
    (194,92),
    (284,29),
    (78,15),
    (32,167),
    (170,11),
    (207,63),
    (12,188),
    (271,166),
    (105,85),
    (293,73),
    (80,49),
    (288,28),
    (212,37),
    (221,3),
    (84,186),
    (65,96),
    (109,105),
    (101,6),
    (235,160),
    (190,128),
    (100,162),
    (27,90),
    (256,74),
    (250,155),
    (26,40),
    (248,102),
    (140,45),
    (263,175),
    (183,133),
    (216,170),
    (66,75),
    (139,196),
    (242,66),
    (22,18),
    (290,106),
    (137,36),
    (192,194),
    (118,142),
    (121,173),
    (181,109),
    (150,198),
    (252,197),
    (295,131),
    (70,109),
    (158,110),
    (100,184),
    (250,50),
    (224,105),
    (187,8),
    (123,144),
    (294,83),
    (46,172),
    (170,157),
    (221,78),
    (139,15),
    (116,145),
    (136,38),
    (218,84),
    (177,5),
    (121,88),
    (293,123),
    (56,139),
    (236,154),
    (181,10),
    (113,13),
    (141,122),
    (50,6),
    (129,97),
    (82,141),
    (272,120),
    (262,132),
    (160,126),
    (107,4),
    (33,3),
    (162,191),
    (278,81),
    (20,21),
    (261,33),
    (152,166),
    (189,65),
    (173,102),
    (66,80),
    (234,138),
    (167,28),
    (39,82),
    (73,194),
    (283,153),
    (94,72),
    (238,89),
    (15,113),
    (10,107),
    (76,9),
    (238,155),
    (279,84),
    (283,177),
    (116,87),
    (63,108),
    (219,25),
    (58,112),
    (67,179),
    (222,95),
    (218,101),
    (85,62),
    (99,92),
    (15,75),
    (60,21),
    (29,149),
    (131,118),
    (194,140),
    (242,83),
    (181,76),
    (223,161),
    (17,135),
    (101,182),
    (192,126),
    (281,141),
    (193,122),
    (145,52),
    (226,195),
    (25,63),
    (4,13),
    (68,175),
    (269,197),
    (180,74),
    (247,136),
    (227,10),
    (212,170),
    (32,113),
    (158,109),
    (44,73),
    (52,117),
    (22,67),
    (43,99),
    (275,128),
    (230,131),
    (209,41),
    (246,66),
    (278,192),
    (34,190),
    (244,33),
    (152,125),
    (266,171),
    (12,17),
    (22,40),
    (273,163),
    (58,27),
    (139,97),
    (134,56),
    (112,33),
    (257,22),
    (135,175),
    (72,37),
    (79,21),
    (129,44),
    (132,121),
    (69,38),
    (192,84),
    (188,167),
    (49,160),
    (166,120),
    (283,35),
    (151,66),
    (31,80),
    (43,199),
    (37,10),
    (103,72),
    (251,70),
    (110,135),
    (3,63),
    (189,20),
    (86,85),
    (118,92),
    (7,158),
    (243,57),
    (191,53),
    (57,139),
    (67,187),
    (276,51),
    (216,142),
    (244,68),
    (64,137),
    (149,194),
    (84,159),
    (219,91),
    (247,141),
    (82,143),
    (233,134),
    (173,32),
    (52,41),
    (242,49),
    (158,166);
CREATE TABLE PROMOTIONS (
    PROMOTION_ID INT NOT NULL,
    PROMOTION_NAME VARCHAR(255),
    START_DATE DATE,
    END_DATE DATE,
    DISCOUNT_PERCENTAGE int,
    PRIMARY KEY (PROMOTION_ID)
);
INSERT INTO PROMOTIONS VALUES
    (1,'Alonso','2021-12-29 00:00:00','2022-08-16 00:00:00',13),
    (2,'Delmar','2021-12-18 00:00:00','2022-10-21 00:00:00',32),
    (3,'Augusto','2022-06-30 00:00:00','2022-09-29 00:00:00',19),
    (4,'Kerby','2021-12-19 00:00:00','2022-10-08 00:00:00',23),
    (5,'Stan','2022-01-17 00:00:00','2022-08-19 00:00:00',10),
    (6,'Andrus','2022-03-17 00:00:00','2022-11-09 00:00:00',47),
    (7,'Bendick','2022-03-11 00:00:00','2022-10-05 00:00:00',43),
    (8,'Neron','2022-05-27 00:00:00','2022-10-21 00:00:00',46),
    (9,'Carlos','2021-11-20 00:00:00','2022-09-19 00:00:00',37),
    (10,'Tracey','2021-12-31 00:00:00','2022-09-24 00:00:00',47),
    (11,'Klement','2022-06-16 00:00:00','2022-10-13 00:00:00',42),
    (12,'Jess','2022-05-05 00:00:00','2022-08-23 00:00:00',33),
    (13,'Darrell','2022-01-16 00:00:00','2022-10-15 00:00:00',19),
    (14,'Oliviero','2022-01-20 00:00:00','2022-09-28 00:00:00',47),
    (15,'Bern','2022-06-15 00:00:00','2022-09-10 00:00:00',39),
    (16,'Delmar','2022-04-27 00:00:00','2022-09-11 00:00:00',27),
    (17,'Ancell','2021-11-03 00:00:00','2022-11-13 00:00:00',24),
    (18,'Lincoln','2022-05-04 00:00:00','2022-09-24 00:00:00',8),
    (19,'Web','2022-02-28 00:00:00','2022-09-10 00:00:00',23),
    (20,'Ephrem','2022-06-26 00:00:00','2022-08-21 00:00:00',32),
    (21,'Win','2022-04-29 00:00:00','2022-11-15 00:00:00',38),
    (22,'Weston','2022-03-24 00:00:00','2022-10-28 00:00:00',20),
    (23,'Wendell','2022-05-31 00:00:00','2022-09-20 00:00:00',17),
    (24,'Zeb','2022-04-27 00:00:00','2022-08-19 00:00:00',22),
    (25,'Farleigh','2022-04-22 00:00:00','2022-10-22 00:00:00',18),
    (26,'Nahum','2021-12-22 00:00:00','2022-09-13 00:00:00',5),
    (27,'Salomon','2022-01-04 00:00:00','2022-09-05 00:00:00',26),
    (28,'Magnum','2021-11-06 00:00:00','2022-10-21 00:00:00',46),
    (29,'Jethro','2021-11-13 00:00:00','2022-10-18 00:00:00',21),
    (30,'Cazzie','2022-06-09 00:00:00','2022-09-29 00:00:00',33),
    (31,'Aristotle','2022-03-10 00:00:00','2022-09-14 00:00:00',5),
    (32,'Earlie','2022-01-07 00:00:00','2022-08-12 00:00:00',29),
    (33,'Renato','2022-02-25 00:00:00','2022-09-10 00:00:00',39),
    (34,'Ilario','2021-11-02 00:00:00','2022-08-14 00:00:00',44),
    (35,'Cary','2022-02-07 00:00:00','2022-10-25 00:00:00',29),
    (36,'Cully','2022-03-29 00:00:00','2022-09-27 00:00:00',21),
    (37,'Bink','2022-05-23 00:00:00','2022-09-05 00:00:00',13),
    (38,'Alan','2021-12-29 00:00:00','2022-10-05 00:00:00',49),
    (39,'Sancho','2022-07-06 00:00:00','2022-08-23 00:00:00',47),
    (40,'Tabby','2022-04-03 00:00:00','2022-09-15 00:00:00',36);




    
